-- Generation time: Fri, 25 Sep 2020 07:43:45 +0000
-- Host: mysql.hostinger.ro
-- DB name: u574849695_22
/*!40030 SET NAMES UTF8 */;
/*!40101 SET @OLD_CHARACTER_SET_CLIENT=@@CHARACTER_SET_CLIENT */;
/*!40101 SET @OLD_CHARACTER_SET_RESULTS=@@CHARACTER_SET_RESULTS */;
/*!40101 SET @OLD_COLLATION_CONNECTION=@@COLLATION_CONNECTION */;
/*!40103 SET @OLD_TIME_ZONE=@@TIME_ZONE */;
/*!40103 SET TIME_ZONE='+00:00' */;
/*!40014 SET @OLD_UNIQUE_CHECKS=@@UNIQUE_CHECKS, UNIQUE_CHECKS=0 */;
/*!40014 SET @OLD_FOREIGN_KEY_CHECKS=@@FOREIGN_KEY_CHECKS, FOREIGN_KEY_CHECKS=0 */;
/*!40101 SET @OLD_SQL_MODE=@@SQL_MODE, SQL_MODE='NO_AUTO_VALUE_ON_ZERO' */;
/*!40111 SET @OLD_SQL_NOTES=@@SQL_NOTES, SQL_NOTES=0 */;

DROP TABLE IF EXISTS `comments`;
CREATE TABLE `comments` (
  `id` bigint(20) unsigned NOT NULL AUTO_INCREMENT,
  `user_id` bigint(20) unsigned NOT NULL,
  `post_id` bigint(20) unsigned NOT NULL,
  `body` text COLLATE utf8_unicode_ci DEFAULT NULL,
  `created_at` datetime DEFAULT current_timestamp(),
  `updated_at` datetime DEFAULT current_timestamp() ON UPDATE current_timestamp(),
  PRIMARY KEY (`id`),
  KEY `user_id` (`user_id`),
  KEY `post_id` (`post_id`),
  CONSTRAINT `comments_ibfk_1` FOREIGN KEY (`user_id`) REFERENCES `users` (`id`),
  CONSTRAINT `comments_ibfk_2` FOREIGN KEY (`post_id`) REFERENCES `posts` (`id`)
) ENGINE=InnoDB AUTO_INCREMENT=81 DEFAULT CHARSET=utf8 COLLATE=utf8_unicode_ci;

INSERT INTO `comments` VALUES ('1','60','68','Est porro facilis repellat quibusdam aut rerum. Ad est ea enim aut voluptas sed. Aliquid recusandae voluptas voluptas voluptate illo omnis asperiores non.','2004-05-01 04:13:26','1992-07-03 11:45:08'),
('2','79','109','Ea ea a sed occaecati consectetur. Tempora voluptate cumque odio est.','2014-08-20 13:10:17','2006-09-17 02:13:20'),
('3','8','38','Est minima nam quia illum sunt rerum inventore. Aut exercitationem nam minus in aut dolorem.','1990-01-28 19:56:58','1991-10-28 08:21:42'),
('4','21','118','Voluptas reprehenderit est vel quia amet perferendis. Dignissimos totam deserunt et quaerat modi alias est. Quo temporibus sunt est accusamus dolor distinctio perspiciatis a.','1988-05-16 21:40:35','2014-12-09 14:48:08'),
('5','44','47','Illo nihil voluptate sit sed. Earum commodi voluptas quod molestiae officia reprehenderit esse voluptatem.','1991-11-18 10:34:15','1975-07-15 16:31:41'),
('6','8','38','Eaque quo perspiciatis in eveniet possimus iste illum. Non voluptates dolor iure earum unde. Magnam delectus et vel impedit.','1989-03-26 06:18:41','1996-11-22 02:16:54'),
('7','36','118','Molestiae reiciendis earum sit ut. Non sint explicabo quia ut nesciunt quae molestiae aut. Autem nihil eos magni adipisci in.','1983-08-17 22:55:39','1971-02-07 20:41:27'),
('8','84','18','Qui soluta qui molestiae vitae. Tempore dolor debitis nihil et esse amet.','1991-03-11 23:11:00','2004-03-25 11:47:46'),
('9','23','68','Magnam aut consequatur eum et et sunt. Eum odit aspernatur quas pariatur. Earum voluptatem sint tempore sequi nihil.','1975-10-07 07:11:40','2014-05-10 22:08:51'),
('10','23','84','Nam impedit voluptates ex et et. Cumque modi quidem nihil reprehenderit repellendus nihil et.','1973-01-07 21:19:33','1982-09-01 03:49:19'),
('11','87','118','Recusandae et laudantium fugit ut optio sed in. Consequuntur et quam sapiente aut asperiores quis.','2018-03-16 14:38:28','1998-03-20 16:21:52'),
('12','13','44','Quos voluptas dolore temporibus. Perspiciatis voluptates ut veritatis quia eaque. Vel dignissimos ut accusamus natus aliquid molestiae repellendus.','2009-11-20 03:57:42','2007-08-14 07:14:19'),
('13','19','29','Optio deserunt fugiat laboriosam modi excepturi repellat excepturi explicabo. Repudiandae id aut quas ad. Vitae molestiae eum dicta nihil et.','2007-07-26 12:46:59','1989-09-29 09:34:58'),
('14','41','104','Suscipit corporis delectus quod rerum veritatis. Ut laudantium quo fugit dolores enim deserunt quis.','2001-01-08 04:15:18','2020-04-02 11:17:54'),
('15','23','2','Mollitia fuga sit atque in. Impedit alias dolor rerum nesciunt. Et reiciendis consequatur odio officiis.','1989-03-28 11:11:35','1979-06-04 22:44:46'),
('16','41','99','Corporis necessitatibus consequuntur dolorem. Aspernatur temporibus iure iste neque minima.','2005-01-23 17:59:25','2012-07-28 02:17:19'),
('17','58','22','Ratione voluptas ex dolores libero nisi libero inventore. Architecto ea quaerat facere consequatur. Voluptatem facere est distinctio sint deserunt.','1984-11-09 16:57:59','1998-04-20 09:41:38'),
('18','73','78','Iusto enim inventore sed voluptas architecto cupiditate autem. Porro officiis voluptas non est labore. Eum quo quibusdam nostrum voluptatum est.','1983-03-23 09:16:14','1984-03-12 08:32:31'),
('19','50','112','Modi et fuga necessitatibus ut. Quis ab delectus quia voluptas qui dolorem earum. Sit error quia quo est voluptate officia possimus.','1972-05-01 07:13:31','2011-06-05 16:05:38'),
('20','63','112','Maiores eos repellendus enim. Quo vel atque rerum qui labore.','1976-06-14 22:24:38','1984-05-12 21:37:52'),
('21','33','85','Minima porro sit sequi aspernatur soluta explicabo animi. Dignissimos deleniti perspiciatis eius quisquam quod numquam adipisci. Pariatur libero consequatur repellat ipsam odit.','2002-05-09 21:59:08','2014-04-21 13:40:03'),
('22','25','82','Recusandae ratione hic enim officia aut deleniti. Quidem non provident impedit aliquam ut exercitationem omnis. Voluptatem officiis et aliquam non incidunt et facere veniam.','2014-04-25 05:39:58','2001-03-09 20:21:14'),
('23','69','10','Doloremque itaque a earum in. Rerum molestiae quidem ea iure autem perspiciatis quia numquam.','1995-02-19 09:23:57','2003-02-20 02:16:23'),
('24','83','110','Perferendis voluptatum doloribus voluptatem numquam. Voluptate ducimus placeat magnam amet.','1982-03-30 18:06:56','2002-09-06 04:16:17'),
('25','64','6','Nobis possimus aut cupiditate nihil accusamus dicta. Labore consequuntur voluptas quos voluptatem.','2006-09-15 19:34:47','1980-07-23 14:43:40'),
('26','61','61','Suscipit et sint asperiores quod et. Aliquam eaque porro repellendus sint iste odit doloremque.','1988-11-19 16:14:11','1997-03-02 22:14:26'),
('27','3','89','Et nisi perspiciatis et ut porro quo. Sint sit reiciendis recusandae alias accusamus velit veritatis libero.','2006-03-11 00:40:05','2009-07-31 06:17:04'),
('28','87','26','Magnam voluptatum nemo perferendis perferendis assumenda. Culpa eum sunt consequuntur est vitae et.','2019-05-09 05:43:23','1984-12-13 11:37:48'),
('29','98','32','Quidem est perspiciatis doloremque illum aut consequatur. Ipsum explicabo earum eveniet fugiat explicabo commodi. Quia eveniet molestiae quae libero ea autem voluptatem.','2013-03-08 11:34:09','1983-10-15 20:29:27'),
('30','8','24','Ut dolore corrupti quaerat deserunt veniam doloremque. Quia fugit ut nemo quis. Expedita repellat et deserunt saepe non corrupti quo exercitationem.','1981-11-23 07:46:10','1983-03-16 01:37:31'),
('31','28','57','Atque ratione vel similique reiciendis. Enim unde magni aut et quia sit alias.','1989-11-16 11:53:01','1981-07-26 13:40:09'),
('32','2','102','Rerum deserunt qui tempora consectetur eligendi non. Nam dolorum iure ipsa aut.','1984-05-24 07:55:33','2010-06-13 17:51:44'),
('33','66','90','Eaque distinctio quis molestiae sint perspiciatis. Voluptas omnis sit alias fugiat. Soluta voluptatem sed maxime consectetur vel amet dolore.','1981-12-07 02:25:32','1980-11-16 20:39:33'),
('34','50','19','Iure ut maxime impedit sequi. Eaque esse rerum pariatur amet consequuntur quasi rerum. Voluptatibus cupiditate consectetur est consequatur.','2011-03-25 16:31:26','1984-02-06 01:46:42'),
('35','68','15','Incidunt sed inventore deleniti quos. Tempora repellat aspernatur autem et a ab.','1979-02-28 22:51:36','1994-11-28 13:50:45'),
('36','8','120','Repudiandae et saepe facilis hic. Perferendis ut non ullam qui officiis.','1977-09-15 06:56:35','1985-09-02 01:55:02'),
('37','83','39','Sunt exercitationem voluptatum qui. Voluptatum non ab aspernatur.','1986-06-27 12:25:10','1994-07-16 15:31:39'),
('38','67','61','Debitis ex enim est natus nobis repudiandae. Quia sed cum iste. Qui et magni officia et.','2010-12-24 05:00:50','1982-05-30 07:46:40'),
('39','40','60','Dicta saepe in ratione molestiae aut laborum odit. Vitae est occaecati ut sed beatae doloremque qui. Illo quod ut voluptate impedit quam velit eos.','1970-06-27 05:06:30','1984-11-28 10:59:54'),
('40','42','5','Inventore laudantium provident consequatur excepturi enim quia. Distinctio ad asperiores ut enim qui.','1987-01-03 20:07:12','1990-11-07 07:47:19'),
('41','54','3','Eos aut exercitationem incidunt illum. Animi perferendis voluptatum excepturi quo et est blanditiis.','2007-02-23 16:56:44','1986-12-09 20:14:33'),
('42','55','68','Sequi voluptatem eos quasi velit enim. Cupiditate ipsum aut omnis quam.','1988-12-31 11:27:58','1996-10-21 19:13:29'),
('43','76','49','Occaecati qui omnis autem quisquam. Tenetur delectus quam ut sunt.','1982-12-05 10:29:16','2015-08-26 03:04:03'),
('44','79','88','Delectus quia ducimus eveniet veniam. Error ea non est quos harum non ut.','2011-12-17 13:33:08','2015-10-12 21:03:53'),
('45','68','103','Earum minus excepturi non vero aut possimus quas. Ducimus nam nobis qui minima commodi perferendis vel ipsam.','1982-07-27 11:24:50','1981-09-04 01:34:51'),
('46','93','115','Suscipit delectus sit consectetur quo occaecati ut. Sequi ut nulla occaecati et fugiat.','2009-10-22 17:03:59','1993-07-26 15:56:30'),
('47','34','114','Incidunt qui aliquam amet qui vero. Debitis omnis necessitatibus occaecati repellat modi fugiat. Aliquid aut qui nam.','2012-05-28 21:11:49','1993-04-24 05:55:00'),
('48','81','119','Officiis sunt sunt autem quae et veniam voluptatum. Voluptatibus maiores nulla illo doloribus nemo laudantium facilis. Non ipsa repudiandae eum quas similique.','1977-08-19 00:19:33','1970-12-08 11:59:16'),
('49','69','36','Est atque quibusdam sit recusandae sint. Voluptatem commodi dolores ut ut voluptatem suscipit. Et et aut qui culpa aspernatur veniam fugit.','1992-06-07 09:55:33','1994-03-24 04:05:16'),
('50','14','44','Dignissimos consectetur reprehenderit dolorem adipisci voluptatem. Eveniet consequatur voluptas et quod aut reprehenderit tempora.','1972-07-20 08:29:25','2020-06-06 21:35:19'),
('51','42','27','Tenetur illo et odit necessitatibus aliquam officiis laudantium. Sed ut illo nisi hic distinctio. Provident ducimus dolor consequatur corporis autem.','1999-12-03 15:22:49','1997-05-12 04:55:33'),
('52','36','28','Veritatis et dolor aliquid enim ab illo. Libero consequatur ad delectus ullam laboriosam.','1993-07-22 10:42:08','2014-03-23 08:23:50'),
('53','55','3','Sunt repellat praesentium aliquam qui omnis vel alias. Consequuntur totam quae maxime voluptates omnis.','2011-08-21 11:18:46','1972-11-06 21:29:30'),
('54','74','113','Hic nemo ut nihil reiciendis illum. Ut repudiandae dicta eum necessitatibus.','1996-02-18 01:28:02','1984-02-12 06:26:17'),
('55','52','19','Omnis ea voluptas ea quas aliquid illum reprehenderit. Iure aut est officiis in qui ullam ea.','1971-03-06 11:29:07','1976-08-29 12:48:03'),
('56','99','7','Voluptates placeat dolores suscipit qui corrupti. Dolor voluptatibus ut perspiciatis cupiditate possimus qui quisquam. Quis eveniet architecto molestiae eveniet harum et quia non.','1991-09-22 02:53:25','2011-05-07 23:50:21'),
('57','18','63','Accusamus magni aut sed et quibusdam ad assumenda ipsam. Ratione similique reprehenderit quia eos distinctio assumenda nesciunt similique. Suscipit nobis rerum non quis.','2016-03-01 15:30:23','1985-09-30 12:56:40'),
('58','62','112','Non a aperiam aut est architecto velit animi. Laboriosam quo vel corrupti qui fuga.','2017-04-15 23:55:22','1986-03-25 23:41:33'),
('59','94','48','Similique officia atque sint sed et natus. Quia est aut ducimus vel iure. Facere et voluptatem perferendis libero.','1981-03-11 17:04:44','1971-05-30 06:36:53'),
('60','67','73','Ea accusantium cupiditate commodi consequatur animi nostrum molestiae. Ipsa dolorem accusantium et minus.','1994-03-16 23:53:42','1998-12-26 17:43:51'),
('61','26','71','Unde sapiente dolores mollitia minus aut iusto dicta. Quasi tempora sed qui autem quis. Est quidem exercitationem facere eos et et.','1983-09-23 06:07:23','2000-02-06 17:00:55'),
('62','56','71','Itaque vel nulla libero est tempora placeat aliquam. Dolores voluptatem accusantium qui ipsam magni est. Fugit consequatur eos facilis tempora sint iure tempora.','1996-11-29 00:52:51','1984-04-13 13:02:49'),
('63','54','43','Ut provident natus natus consequatur. Vel aliquid qui accusantium rerum. Consequuntur quasi quam maxime id quam repellendus.','2000-05-09 12:00:59','1991-04-03 05:13:45'),
('64','58','27','Animi blanditiis quae et animi qui. Dolorem sed quisquam voluptatem voluptatibus et voluptatem voluptas.','1979-09-24 07:44:47','2016-06-15 15:25:10'),
('65','65','86','Perferendis rerum velit nam rerum pariatur. Rerum ratione et aliquam veritatis consequuntur. Quo est quo vel maxime accusamus mollitia iste.','2000-02-19 14:33:54','1994-01-26 20:14:02'),
('66','58','8','Soluta sunt tempore blanditiis sunt. Non et suscipit officia voluptatibus.','1987-12-09 05:40:21','2006-02-17 06:51:37'),
('67','94','112','Nisi est esse dolor qui. Velit omnis id minus rem. Ipsum consequatur consectetur voluptas illo.','1970-04-05 16:54:54','1974-10-11 16:44:38'),
('68','30','57','Impedit mollitia omnis occaecati enim in corporis dolorem. Natus et adipisci temporibus explicabo.','1994-01-26 09:13:06','1981-01-11 00:46:36'),
('69','96','4','Libero sit officia necessitatibus recusandae. Consequatur id consequatur numquam quibusdam in iusto. Minus repudiandae qui et laborum.','2015-03-13 07:44:46','1970-02-15 10:38:12'),
('70','42','56','Rerum sed dolor sint voluptas. Eveniet maiores optio qui et. Quia incidunt est omnis qui.','2004-09-30 22:34:05','1996-10-04 20:35:31'),
('71','18','48','Nihil error magnam explicabo quaerat qui magnam. Quis ea laboriosam itaque saepe omnis sit.','2006-04-29 11:03:54','1991-06-27 05:56:20'),
('72','52','43','Mollitia consequatur itaque aliquid esse. Quam provident vel omnis vitae ut.','2009-09-11 22:05:11','2013-07-08 16:10:38'),
('73','92','17','Ut culpa dolorem perspiciatis maxime eos. Harum et rem consequatur dignissimos quis. Dolores voluptatem cupiditate qui soluta nihil ut iste blanditiis.','1994-01-05 18:47:23','1978-03-05 17:47:10'),
('74','29','102','Voluptas quis similique est at sit voluptatem et exercitationem. Eum dolore reprehenderit qui repellat incidunt facere et. Libero quibusdam qui impedit distinctio ut aliquam.','1992-07-22 20:29:42','2004-04-21 21:19:59'),
('75','54','114','Pariatur et quia voluptas temporibus cum reprehenderit eos. Et recusandae est beatae sunt hic laudantium. Dignissimos accusantium quo enim inventore in.','1990-07-06 16:20:11','1978-09-29 21:59:43'),
('76','46','96','Nostrum voluptas ad quis quod fugiat delectus optio saepe. Pariatur consequatur eos occaecati assumenda ut. Quae accusamus id sint molestias cum tempora.','2013-04-12 01:45:52','1974-11-09 11:56:45'),
('77','54','2','Voluptate quibusdam quas quam ut. Rerum vero molestias distinctio doloribus assumenda occaecati. Ut officiis dolore facilis nihil perferendis quasi eos corporis.','1984-11-02 13:25:32','1982-06-30 07:41:48'),
('78','38','9','Ullam beatae dolores ipsa quia nisi. Eius asperiores et velit sit provident earum odio.','1972-11-04 10:44:07','1976-06-28 11:12:21'),
('79','37','114','In eos illo repudiandae debitis in. Similique qui ad rerum sit ex eius dolorem.','2009-03-27 23:28:30','1995-07-28 02:43:07'),
('80','30','2','Et saepe atque ut debitis et aut. Doloremque omnis tempora aliquid at ipsum. Quasi est aut officiis est.','2020-01-04 02:18:19','1995-05-24 09:57:10'); 


DROP TABLE IF EXISTS `communities`;
CREATE TABLE `communities` (
  `id` bigint(20) unsigned NOT NULL AUTO_INCREMENT,
  `name` varchar(150) COLLATE utf8_unicode_ci DEFAULT NULL,
  PRIMARY KEY (`id`),
  KEY `communities_name_idx` (`name`)
) ENGINE=InnoDB AUTO_INCREMENT=21 DEFAULT CHARSET=utf8 COLLATE=utf8_unicode_ci;

INSERT INTO `communities` VALUES ('11','aut'),
('18','aut'),
('3','cumque'),
('20','dolor'),
('9','enim'),
('14','et'),
('7','illum'),
('6','incidunt'),
('19','ipsam'),
('10','maxime'),
('1','nam'),
('2','nostrum'),
('12','nostrum'),
('15','odit'),
('13','provident'),
('4','quisquam'),
('17','repellendus'),
('16','temporibus'),
('5','ut'),
('8','voluptate'); 


DROP TABLE IF EXISTS `friend_requests`;
CREATE TABLE `friend_requests` (
  `initiator_user_id` bigint(20) unsigned NOT NULL,
  `target_user_id` bigint(20) unsigned NOT NULL,
  `status` enum('requested','approved','unfriended','declined') COLLATE utf8_unicode_ci DEFAULT 'requested',
  `requested_at` datetime DEFAULT current_timestamp(),
  `confirmed_at` datetime DEFAULT current_timestamp() ON UPDATE current_timestamp(),
  PRIMARY KEY (`initiator_user_id`,`target_user_id`),
  KEY `target_user_id` (`target_user_id`),
  KEY `initiator_user_id` (`initiator_user_id`),
  CONSTRAINT `friend_requests_ibfk_1` FOREIGN KEY (`initiator_user_id`) REFERENCES `users` (`id`),
  CONSTRAINT `friend_requests_ibfk_2` FOREIGN KEY (`target_user_id`) REFERENCES `users` (`id`)
) ENGINE=InnoDB DEFAULT CHARSET=utf8 COLLATE=utf8_unicode_ci;

INSERT INTO `friend_requests` VALUES ('1','28','declined','2020-02-18 22:55:59','2020-09-07 02:54:26'),
('4','53','unfriended','2020-07-12 01:05:21','2020-09-24 01:43:35'),
('9','9','declined','2020-03-24 01:18:03','2020-09-12 13:25:04'),
('10','23','requested','2020-03-07 08:30:17','2020-08-28 23:46:06'),
('13','81','unfriended','2020-07-20 03:43:30','2020-09-03 01:45:30'),
('14','54','unfriended','2020-05-30 00:29:20','2020-09-20 16:58:11'),
('14','55','requested','2020-03-10 20:16:49','2020-09-04 08:35:08'),
('16','59','declined','2020-04-17 06:34:35','2020-08-30 18:57:59'),
('19','38','approved','2020-09-13 11:26:34','2020-08-31 02:53:23'),
('23','22','requested','2020-05-09 08:58:37','2020-09-05 22:15:42'),
('23','80','requested','2019-11-10 06:59:21','2020-09-15 08:44:55'),
('23','88','approved','2019-11-10 04:47:58','2020-09-11 14:52:50'),
('25','61','unfriended','2020-07-07 15:49:49','2020-09-04 11:00:38'),
('29','63','unfriended','2019-12-21 23:04:43','2020-08-26 19:47:04'),
('32','33','declined','2020-07-03 16:34:36','2020-09-15 17:42:57'),
('34','62','requested','2019-10-19 13:08:05','2020-08-29 00:09:50'),
('36','35','unfriended','2020-07-12 07:30:36','2020-09-15 20:08:32'),
('36','94','unfriended','2019-10-11 23:10:41','2020-09-10 13:14:57'),
('37','28','declined','2020-02-04 03:52:49','2020-09-06 13:53:45'),
('37','60','approved','2019-10-04 05:10:24','2020-09-02 04:12:44'),
('39','80','declined','2020-04-26 10:05:24','2020-08-30 22:52:46'),
('43','69','unfriended','2019-11-30 19:32:37','2020-09-22 06:46:26'),
('43','100','requested','2020-03-04 03:43:30','2020-09-09 12:33:16'),
('52','27','approved','2020-06-30 15:17:35','2020-09-13 09:06:45'),
('54','9','declined','2019-12-27 13:56:19','2020-09-19 13:56:51'),
('55','97','declined','2020-08-28 07:42:35','2020-09-06 00:01:21'),
('56','6','unfriended','2020-01-25 08:41:21','2020-09-17 17:15:49'),
('56','7','requested','2019-11-11 06:17:35','2020-09-13 17:19:08'),
('58','18','requested','2019-10-09 20:10:29','2020-09-18 10:34:10'),
('60','36','requested','2020-02-29 14:21:22','2020-09-13 11:35:10'),
('64','79','approved','2020-06-27 10:58:06','2020-09-22 03:39:19'),
('65','18','declined','2019-12-03 18:06:14','2020-08-29 10:11:13'),
('67','14','approved','2020-03-28 10:07:23','2020-09-03 07:15:16'),
('67','83','unfriended','2020-03-14 09:29:13','2020-09-08 22:28:55'),
('67','100','requested','2020-01-30 09:10:35','2020-09-19 05:33:09'),
('71','18','declined','2019-10-30 20:20:28','2020-09-04 04:39:02'),
('78','8','declined','2020-05-07 16:48:06','2020-09-11 15:43:00'),
('78','30','declined','2020-04-06 22:40:02','2020-08-30 11:38:57'),
('78','98','declined','2020-08-11 19:24:39','2020-09-03 01:50:18'),
('80','83','requested','2019-11-28 02:08:21','2020-09-19 21:37:16'),
('83','2','approved','2020-01-21 08:53:06','2020-08-26 06:12:45'),
('84','57','unfriended','2020-07-07 01:40:37','2020-09-23 04:46:54'),
('84','73','approved','2020-01-08 10:06:22','2020-09-16 00:43:35'),
('86','77','approved','2020-06-26 23:19:45','2020-09-19 13:08:37'),
('89','13','approved','2020-02-17 02:05:01','2020-09-12 11:08:09'),
('91','18','declined','2020-04-12 03:09:16','2020-09-15 15:14:41'),
('91','44','requested','2020-01-30 04:34:16','2020-08-31 15:40:48'),
('93','61','declined','2020-04-29 08:15:01','2020-09-21 19:38:55'),
('96','13','approved','2020-06-19 18:48:51','2020-09-23 22:54:35'),
('97','6','approved','2020-07-24 02:52:31','2020-09-05 16:34:01'); 


DROP TABLE IF EXISTS `likes_photos`;
CREATE TABLE `likes_photos` (
  `user_id` bigint(20) unsigned NOT NULL,
  `photo_id` bigint(20) unsigned NOT NULL,
  `created_at` datetime DEFAULT current_timestamp(),
  PRIMARY KEY (`user_id`,`photo_id`),
  KEY `photo_id` (`photo_id`),
  CONSTRAINT `likes_photos_ibfk_1` FOREIGN KEY (`user_id`) REFERENCES `users` (`id`),
  CONSTRAINT `likes_photos_ibfk_2` FOREIGN KEY (`photo_id`) REFERENCES `photos` (`id`)
) ENGINE=InnoDB DEFAULT CHARSET=utf8 COLLATE=utf8_unicode_ci;

INSERT INTO `likes_photos` VALUES ('1','49','2020-09-22 23:07:11'),
('2','53','2020-09-03 23:25:41'),
('3','19','2020-09-21 16:56:47'),
('3','124','2020-08-29 01:01:25'),
('4','47','2020-08-25 14:48:39'),
('5','53','2020-08-28 20:05:22'),
('6','60','2020-09-12 01:39:06'),
('6','104','2020-08-27 06:56:08'),
('7','85','2020-09-21 09:02:27'),
('8','93','2020-08-31 06:54:02'),
('10','17','2020-09-05 10:11:01'),
('10','110','2020-09-07 15:40:10'),
('11','103','2020-09-17 06:55:18'),
('12','108','2020-08-27 01:05:45'),
('13','50','2020-09-19 10:12:35'),
('13','69','2020-09-23 22:22:37'),
('15','74','2020-09-02 09:17:36'),
('17','76','2020-09-24 01:44:27'),
('17','79','2020-09-23 23:33:33'),
('18','49','2020-09-23 06:01:12'),
('19','126','2020-09-14 12:48:48'),
('20','85','2020-09-08 15:29:44'),
('20','122','2020-09-24 17:32:40'),
('22','12','2020-09-01 14:47:15'),
('25','25','2020-09-13 01:06:34'),
('25','66','2020-08-31 21:07:14'),
('26','100','2020-09-07 12:00:43'),
('27','108','2020-08-27 21:04:32'),
('29','96','2020-09-15 22:40:03'),
('32','39','2020-09-11 15:19:58'),
('32','128','2020-08-31 06:05:02'),
('33','46','2020-09-11 00:31:50'),
('34','2','2020-09-22 12:42:17'),
('35','97','2020-09-01 05:24:04'),
('36','71','2020-09-13 16:21:15'),
('36','83','2020-09-21 16:44:02'),
('37','60','2020-09-22 15:46:36'),
('37','125','2020-09-21 07:15:41'),
('38','8','2020-09-12 21:54:18'),
('39','17','2020-09-13 07:11:51'),
('40','21','2020-09-22 22:52:18'),
('40','81','2020-09-06 10:55:20'),
('41','29','2020-09-07 11:10:30'),
('41','116','2020-09-13 08:21:49'),
('41','126','2020-09-07 19:26:45'),
('45','28','2020-09-02 20:58:41'),
('45','61','2020-08-26 00:35:52'),
('45','116','2020-09-19 16:29:47'),
('46','55','2020-09-17 02:30:44'),
('47','61','2020-09-01 17:27:40'),
('47','79','2020-08-31 04:16:51'),
('51','95','2020-09-22 19:14:50'),
('54','38','2020-09-22 01:32:02'),
('54','126','2020-08-30 12:03:52'),
('55','63','2020-09-23 03:41:10'),
('56','64','2020-09-18 10:05:18'),
('57','5','2020-08-30 22:19:45'),
('57','39','2020-09-21 20:00:14'),
('58','9','2020-09-18 01:57:17'),
('59','26','2020-09-17 14:30:42'),
('59','27','2020-09-04 05:59:28'),
('59','101','2020-09-16 05:16:54'),
('59','117','2020-09-08 16:03:27'),
('63','52','2020-09-07 21:00:50'),
('63','105','2020-08-30 21:56:36'),
('66','51','2020-08-26 19:12:27'),
('67','15','2020-09-09 10:22:20'),
('67','108','2020-09-19 07:20:49'),
('68','56','2020-09-08 13:19:38'),
('70','39','2020-09-05 08:56:00'),
('70','129','2020-08-28 19:47:28'),
('71','35','2020-09-21 21:39:39'),
('72','51','2020-09-21 23:33:36'),
('77','123','2020-09-23 01:43:43'),
('78','13','2020-09-12 13:28:23'),
('78','117','2020-09-16 06:21:32'),
('79','19','2020-08-27 05:02:10'),
('79','123','2020-08-26 03:01:24'),
('81','72','2020-09-15 02:02:57'),
('84','56','2020-09-16 15:27:57'),
('85','50','2020-09-18 18:08:21'),
('85','120','2020-09-06 15:24:10'),
('86','98','2020-09-03 19:32:10'),
('86','128','2020-09-10 13:43:14'),
('87','17','2020-09-11 10:49:55'),
('88','44','2020-08-27 19:01:57'),
('89','58','2020-08-27 13:41:09'),
('89','75','2020-08-26 18:59:07'),
('90','98','2020-09-12 17:28:55'),
('91','8','2020-08-27 01:09:09'),
('92','122','2020-09-10 13:50:28'),
('93','4','2020-08-27 18:58:26'),
('94','6','2020-09-04 18:35:50'),
('94','73','2020-09-07 18:31:12'),
('94','86','2020-09-17 13:44:59'),
('95','104','2020-09-21 02:55:43'),
('97','24','2020-09-19 15:00:25'),
('98','37','2020-09-04 22:30:24'),
('99','116','2020-08-27 06:20:28'),
('100','92','2020-09-13 23:47:49'); 


DROP TABLE IF EXISTS `likes_posts`;
CREATE TABLE `likes_posts` (
  `user_id` bigint(20) unsigned NOT NULL,
  `post_id` bigint(20) unsigned NOT NULL,
  `created_at` datetime DEFAULT current_timestamp(),
  PRIMARY KEY (`user_id`,`post_id`),
  KEY `post_id` (`post_id`),
  CONSTRAINT `likes_posts_ibfk_1` FOREIGN KEY (`user_id`) REFERENCES `users` (`id`),
  CONSTRAINT `likes_posts_ibfk_2` FOREIGN KEY (`post_id`) REFERENCES `posts` (`id`)
) ENGINE=InnoDB DEFAULT CHARSET=utf8 COLLATE=utf8_unicode_ci;

INSERT INTO `likes_posts` VALUES ('1','75','2020-08-29 04:24:21'),
('1','115','2020-09-17 13:59:43'),
('3','119','2020-09-20 05:23:04'),
('4','8','2020-09-17 15:56:25'),
('4','11','2020-09-18 22:17:06'),
('5','65','2020-09-13 13:44:25'),
('5','66','2020-09-09 13:17:45'),
('9','70','2020-08-29 07:40:00'),
('10','39','2020-09-21 23:18:48'),
('10','53','2020-09-15 14:13:05'),
('11','30','2020-09-16 14:17:24'),
('11','110','2020-09-15 05:31:25'),
('12','55','2020-09-13 11:22:15'),
('13','15','2020-08-31 15:16:16'),
('13','93','2020-09-06 15:27:28'),
('15','21','2020-09-09 10:31:08'),
('15','27','2020-09-01 06:57:25'),
('16','39','2020-09-13 18:03:38'),
('17','22','2020-09-12 09:17:45'),
('17','38','2020-09-07 08:09:21'),
('18','75','2020-09-15 15:37:45'),
('19','34','2020-09-24 02:11:04'),
('20','58','2020-09-15 13:51:27'),
('20','73','2020-09-22 18:49:25'),
('21','17','2020-09-13 06:50:53'),
('21','91','2020-09-23 06:06:06'),
('22','117','2020-09-05 22:22:22'),
('24','30','2020-09-03 09:24:55'),
('25','111','2020-08-28 10:39:26'),
('26','1','2020-09-21 06:13:17'),
('29','56','2020-08-26 01:17:03'),
('29','57','2020-08-28 20:51:17'),
('29','98','2020-09-17 11:50:28'),
('31','13','2020-09-04 23:00:47'),
('31','23','2020-09-13 17:54:37'),
('31','41','2020-09-17 19:19:16'),
('32','64','2020-09-24 03:31:46'),
('33','78','2020-09-02 05:52:49'),
('33','113','2020-08-27 01:07:37'),
('34','15','2020-09-18 18:18:32'),
('34','105','2020-08-28 20:11:34'),
('34','111','2020-09-09 23:02:21'),
('36','14','2020-09-07 19:48:20'),
('36','42','2020-08-28 09:48:33'),
('37','16','2020-08-26 05:29:27'),
('37','64','2020-09-16 15:04:59'),
('37','100','2020-09-08 07:47:33'),
('38','13','2020-09-08 06:27:18'),
('40','8','2020-09-09 13:12:14'),
('41','5','2020-09-25 07:37:15'),
('41','117','2020-08-27 00:39:35'),
('42','118','2020-09-16 20:10:49'),
('46','39','2020-09-11 02:37:20'),
('46','73','2020-08-28 07:42:44'),
('47','8','2020-09-12 10:26:35'),
('47','66','2020-09-09 17:09:40'),
('48','20','2020-09-13 23:40:21'),
('50','38','2020-09-16 16:39:03'),
('51','32','2020-09-10 19:53:37'),
('51','119','2020-09-03 21:40:34'),
('54','106','2020-09-07 00:45:53'),
('55','34','2020-09-08 17:02:49'),
('56','78','2020-09-11 03:32:27'),
('59','35','2020-09-06 22:21:43'),
('59','41','2020-09-18 16:55:35'),
('60','118','2020-09-04 11:41:33'),
('62','76','2020-08-26 17:59:10'),
('64','9','2020-08-26 04:58:06'),
('72','59','2020-08-28 01:20:44'),
('73','17','2020-09-06 22:15:12'),
('73','43','2020-08-27 22:21:15'),
('73','48','2020-09-25 02:32:49'),
('73','64','2020-09-08 13:22:25'),
('75','75','2020-09-11 01:22:45'),
('75','79','2020-08-31 10:25:05'),
('77','7','2020-08-26 17:57:04'),
('77','40','2020-08-30 00:36:39'),
('77','58','2020-09-21 08:35:25'),
('77','116','2020-09-14 23:34:07'),
('78','80','2020-09-12 15:45:23'),
('81','79','2020-09-02 18:30:48'),
('82','8','2020-09-22 11:43:00'),
('83','6','2020-09-06 09:14:43'),
('83','108','2020-08-29 02:32:03'),
('84','48','2020-08-29 09:56:11'),
('85','120','2020-09-14 00:41:18'),
('86','27','2020-09-15 02:40:51'),
('87','18','2020-08-25 10:26:22'),
('89','16','2020-09-23 07:02:58'),
('89','112','2020-09-13 03:16:51'),
('90','51','2020-09-19 00:11:45'),
('90','95','2020-09-18 07:48:19'),
('91','63','2020-08-27 23:43:34'),
('93','38','2020-09-21 13:33:54'),
('95','107','2020-09-10 03:53:21'),
('96','58','2020-09-03 11:57:58'),
('96','99','2020-09-23 08:47:37'),
('97','15','2020-08-30 03:35:06'),
('98','38','2020-09-16 19:56:45'); 


DROP TABLE IF EXISTS `messages`;
CREATE TABLE `messages` (
  `id` bigint(20) unsigned NOT NULL AUTO_INCREMENT,
  `from_user_id` bigint(20) unsigned NOT NULL,
  `to_user_id` bigint(20) unsigned NOT NULL,
  `body` text COLLATE utf8_unicode_ci DEFAULT NULL,
  `is_read` tinyint(1) DEFAULT 0,
  `created_at` datetime DEFAULT current_timestamp(),
  PRIMARY KEY (`id`),
  KEY `from_user_id` (`from_user_id`),
  KEY `to_user_id` (`to_user_id`),
  CONSTRAINT `messages_ibfk_1` FOREIGN KEY (`from_user_id`) REFERENCES `users` (`id`),
  CONSTRAINT `messages_ibfk_2` FOREIGN KEY (`to_user_id`) REFERENCES `users` (`id`)
) ENGINE=InnoDB AUTO_INCREMENT=101 DEFAULT CHARSET=utf8 COLLATE=utf8_unicode_ci;

INSERT INTO `messages` VALUES ('1','97','40','Odit consectetur aut enim fugiat. Quibusdam praesentium corrupti iste cumque veniam omnis. Hic repellat optio et sint natus nobis. Autem unde impedit est minus. Porro praesentium voluptas rerum corrupti eveniet.','1','2020-09-05 17:50:16'),
('2','90','55','Id earum et sunt quibusdam dolorem autem. Laborum et minus sit iste voluptas. Rerum sapiente dolor ad quisquam.','1','2020-09-05 01:50:20'),
('3','99','89','Quidem rerum molestias in doloribus libero. Deserunt amet similique ea iusto nihil aut. Commodi tenetur quia quo suscipit autem.','1','2020-09-07 04:15:23'),
('4','41','1','Voluptas consequatur praesentium est similique qui porro quo. Error dolor adipisci et saepe ad accusantium ut nostrum. Incidunt aperiam ut voluptatibus hic adipisci corrupti dignissimos. Velit quia in reiciendis vel.','1','2020-09-05 21:59:04'),
('5','55','62','Exercitationem rerum omnis ipsum vitae quas. Sint maiores ut facere omnis eum. Ratione fuga molestiae delectus suscipit. Ut omnis ut ducimus id deserunt laboriosam.','1','2020-09-23 06:56:06'),
('6','87','78','Nesciunt et impedit numquam laboriosam dolorem consectetur illum. Provident reiciendis deserunt nihil sit aut illum velit id. Dicta qui eos veniam dignissimos quod qui et.','1','2020-08-30 02:14:06'),
('7','71','40','Totam aut consequatur neque et. Consequuntur ad ex in saepe nemo. Nihil dolore qui nemo delectus.','0','2020-09-08 22:26:16'),
('8','36','55','Sit mollitia itaque quaerat consequuntur. Nam dignissimos corporis exercitationem eos. Repudiandae vitae nesciunt doloremque nemo eius. Ut qui inventore voluptatem deserunt omnis dignissimos.','1','2020-09-09 04:06:13'),
('9','51','52','A sed ut est. Quia libero dolores qui sed voluptatibus ipsam omnis. Aliquam perspiciatis quidem beatae voluptatem et ducimus. Voluptas dignissimos tempora amet officiis.','0','2020-09-23 15:43:48'),
('10','37','68','Alias et et voluptatem nisi fugiat sunt. Illum autem alias fugiat et quisquam. Ut in id doloremque. Ipsa in amet aut corrupti ut est possimus impedit. Qui qui et fuga dolores culpa illo quisquam.','1','2020-09-05 12:40:09'),
('11','42','12','Quod numquam molestiae ab aut. Cumque alias et nihil placeat cupiditate magnam. Numquam natus aliquam et qui dolorum velit. Accusamus distinctio esse sint.','1','2020-09-10 08:11:40'),
('12','22','39','Doloribus iste delectus nam dolores quam quae. Tempore hic facilis esse. Dolor voluptatem esse eius voluptatum qui non nobis.','1','2020-09-15 16:04:04'),
('13','84','44','Nihil aspernatur velit sunt quis minima. Officia corrupti officiis pariatur et quod. Dolorem sunt quo qui suscipit rerum molestiae eligendi.','0','2020-09-09 16:53:33'),
('14','24','95','Esse dolores animi error laboriosam neque voluptatibus. Facilis possimus eligendi vero. In molestiae eveniet vel sint aut voluptatibus voluptate. Consectetur dicta ad consequuntur fugit non. Nihil sed quas doloribus sed distinctio aut laborum.','1','2020-08-26 05:48:04'),
('15','42','26','Natus et laboriosam illum ut rerum delectus repellat. Culpa sed voluptatem similique est nihil excepturi nisi. Eius quis magnam labore sit perferendis fugiat omnis.','1','2020-09-06 13:25:38'),
('16','1','38','Voluptatem nostrum sequi consectetur nam culpa dignissimos qui. Provident illum inventore voluptas fuga ex temporibus minima. Similique modi repellendus aut amet sunt est.','0','2020-09-18 10:18:30'),
('17','65','90','Dolore non architecto voluptatem praesentium illum eaque. Unde dolorem dolorem et blanditiis iure quo quam. Officiis minima est quasi aut voluptatem sequi iusto et. Blanditiis ipsa molestias aut ut explicabo.','0','2020-09-04 15:50:58'),
('18','93','64','Architecto cumque amet odio. Repellat eum libero est quae. Vitae sunt earum nemo et. Similique quia iure sint laboriosam et ut.','0','2020-08-25 19:01:34'),
('19','79','34','Voluptate non itaque ad consequatur non. Illo porro nihil sed est. Blanditiis porro quibusdam quasi illum. Ut aut modi commodi sit est dicta alias.','0','2020-09-15 19:28:03'),
('20','65','34','Illum qui et magni aut. Ut ut adipisci reiciendis eos id eligendi. Eos fugit saepe dolorum dolore.','1','2020-09-16 14:41:13'),
('21','96','51','Deleniti dolorem quia autem dolor. Quidem dolorem dolor voluptatibus provident molestiae. Beatae sunt eveniet corporis reiciendis dolores exercitationem eveniet.','1','2020-09-04 02:01:17'),
('22','11','66','Cumque dolorum aut dolor est. Explicabo quibusdam maxime maiores hic. Quisquam iusto animi et dolor minima dolor. Quia accusantium rerum fugiat.','0','2020-09-11 10:51:34'),
('23','90','47','Aut atque quia sapiente quis alias id. Odio amet commodi quaerat praesentium. Optio totam possimus deserunt harum illum debitis omnis non. Illo quos quasi et qui aut quos.','0','2020-09-10 23:53:35'),
('24','20','41','Cupiditate magnam voluptates omnis. Rem harum officia nesciunt et cum cumque sint deserunt. Deserunt dolorem pariatur asperiores voluptatem hic.','0','2020-09-05 15:19:04'),
('25','98','57','Sint quia id molestiae est aperiam illum cumque. In rem error aut voluptatem aliquam. Ratione blanditiis sed totam assumenda praesentium unde.','0','2020-08-30 07:40:13'),
('26','9','40','Quia inventore quis ex incidunt eaque. Laborum eius ipsum itaque vel. Aut vero blanditiis quia quasi aut repellat. Voluptatem quia nihil qui pariatur aliquam.','1','2020-09-12 16:30:50'),
('27','68','30','Illo et sed placeat sequi sequi qui ut. Quidem autem quia harum quia eveniet. Labore quis qui suscipit magnam. Est velit aperiam at laboriosam vitae at sint. Repellat voluptatem tenetur ratione dolore.','0','2020-09-19 17:04:21'),
('28','78','52','Expedita reprehenderit veniam vitae eius. Eum maxime eum nulla accusamus iusto vero assumenda. Nihil molestiae cumque aut rerum.','1','2020-08-27 01:16:54'),
('29','73','2','Assumenda voluptatum voluptatum dicta libero eum minus sequi sed. Ut est vel id et sit neque. Et quo fuga ut velit vero exercitationem. Voluptatem et soluta delectus consequuntur rerum.','0','2020-09-10 15:08:21'),
('30','46','15','Laborum dolor eos rem voluptates. Porro optio accusantium sint laudantium tenetur blanditiis et totam. Praesentium impedit quibusdam occaecati aliquid eveniet tenetur ut. Exercitationem voluptatum ipsam nisi nostrum.','1','2020-09-01 14:43:15'),
('31','27','47','Vel eum aliquam adipisci vitae facere libero aut. Voluptatem illo eos distinctio. Consequatur rerum corrupti quam nostrum.','0','2020-09-04 07:08:32'),
('32','53','92','Asperiores quaerat esse minima optio voluptatem ut deserunt. Repellat quo quis delectus non ut optio ex. Ullam et neque dolor.','1','2020-09-11 14:37:09'),
('33','37','45','Asperiores odio laboriosam voluptatem hic quidem sint veritatis. Necessitatibus a harum quia optio non et. Molestiae nostrum qui et quam. Aut officiis cupiditate enim iste deleniti.','1','2020-08-30 02:33:28'),
('34','55','16','A voluptatum ab nemo ut at accusamus facilis. Possimus ut ratione illo qui. At vero distinctio consequatur ab aut optio.','0','2020-09-03 07:40:15'),
('35','79','19','Et qui sed ea. Consectetur est cupiditate sed non ut. Repudiandae pariatur voluptatem quod ad ad aut.','1','2020-09-08 17:43:18'),
('36','49','74','Deleniti ipsa minima ut qui et. Aspernatur expedita rem id occaecati dolorem qui. Omnis numquam vel dolorem. Debitis sit quis nobis quia numquam voluptatum voluptatem sint.','1','2020-09-02 02:53:01'),
('37','70','60','Qui et officiis qui dolor. Qui est iste omnis enim ut. Et veniam et alias doloremque in et. Repellendus velit reprehenderit delectus suscipit alias distinctio.','0','2020-08-25 23:59:51'),
('38','40','60','Optio vel eum consectetur earum aperiam. Voluptatibus rerum laboriosam possimus nostrum facilis earum corporis. Voluptas illum consequatur cumque architecto error et molestiae. Qui odio aperiam et eius commodi est ut ducimus.','0','2020-08-26 22:18:34'),
('39','6','60','Quaerat voluptas ut qui. Cumque modi impedit nemo ipsum odio et. Quia est sapiente eveniet.','0','2020-09-09 17:23:32'),
('40','1','4','Vel repudiandae amet voluptatem placeat deleniti. Possimus sed suscipit in fugiat earum distinctio. Incidunt temporibus officia distinctio veniam est dolorum voluptatem. Nostrum qui autem sint aut consectetur non repellat.','1','2020-09-10 02:32:49'),
('41','16','9','Enim adipisci asperiores autem numquam a fugit. Id ex voluptatem maiores ad. At pariatur dolorem facere animi similique ad quis. Necessitatibus cumque vel pariatur.','1','2020-08-27 04:26:29'),
('42','44','84','Et quia optio iure provident dolores totam. Corporis quibusdam et qui veritatis facere fuga. Vitae fugit ut nobis aut quae eligendi. Et dolore eum ea.','1','2020-09-21 06:25:36'),
('43','38','22','Esse sunt animi voluptatem pariatur. Est repudiandae accusamus earum ad ea debitis. Vel quia fugit et. Cupiditate similique reiciendis accusamus asperiores.','1','2020-09-20 04:09:09'),
('44','35','11','Sunt optio cumque porro. Et harum animi dolorem nihil dolorum. Nihil doloremque itaque omnis ea facere rerum optio.','1','2020-09-24 09:33:48'),
('45','23','81','Ipsam tenetur temporibus ea dolores ea. Rerum dolor nam nam minima natus quis cupiditate. Explicabo est aperiam assumenda sint amet. Fugit qui laudantium incidunt impedit facere aut suscipit.','1','2020-09-03 17:33:50'),
('46','25','50','Assumenda qui vero vitae. Rerum consequatur fugit ratione. Voluptas architecto officiis natus et commodi facilis.','0','2020-09-24 11:54:45'),
('47','27','77','Ut voluptates qui id. Non impedit eaque nihil ea quo. Pariatur vel tempore nobis aut.','0','2020-09-09 02:40:10'),
('48','42','63','Quia similique fugit labore reiciendis qui possimus sit est. Inventore aliquam quisquam incidunt sequi officia perspiciatis. Expedita est saepe quo qui commodi consequatur. Ipsa illum voluptates hic qui minus eligendi. Omnis quibusdam qui dolor enim.','1','2020-09-07 14:50:38'),
('49','22','96','Et quis sit eveniet. Dignissimos fugit corporis sed similique nihil sint beatae et. Quisquam aliquam ea quia et.','1','2020-09-23 13:34:33'),
('50','78','1','Eos nisi odit asperiores mollitia repellendus et dolorum. Veniam ea quis reprehenderit laborum. Consequatur consequatur est qui eum alias. Sequi quia sunt voluptatem.','0','2020-09-19 11:25:22'),
('51','15','26','Nobis nam voluptatem sequi culpa animi. Odio rem ea in vero voluptas. Quibusdam neque mollitia amet cupiditate.','0','2020-09-05 13:19:53'),
('52','74','84','A dolorem sit quam consequatur ab excepturi aut. Eos ut consequatur deserunt odit voluptas aut ratione.','0','2020-08-25 13:22:33'),
('53','86','14','Beatae cum quas voluptas consectetur inventore iusto. Voluptatem qui nesciunt dolore nostrum repellendus. Consequatur reiciendis earum aut non ipsam a quo. Aut dolorum aliquid enim.','0','2020-09-06 10:57:05'),
('54','44','92','Neque itaque molestias libero quia debitis dolore aut quas. Et illum minima ipsa quia. Quod molestiae eligendi quis est et. Eum voluptate enim nobis ut delectus modi.','0','2020-08-31 07:09:35'),
('55','73','44','Soluta est qui quasi. Vitae doloremque sed quod cupiditate est ea. Vel ullam ullam minus.','1','2020-09-01 23:26:50'),
('56','96','88','Qui sed enim laudantium. Omnis recusandae quae quaerat reprehenderit autem. Adipisci dicta consequatur doloribus odio fugiat fugit accusantium. Fuga fugiat debitis magnam perferendis. Et dignissimos blanditiis consequatur excepturi incidunt.','1','2020-09-01 03:06:32'),
('57','52','39','Ipsam ut molestiae voluptatem quibusdam unde. Velit iusto sed itaque optio. Eius quidem sit illo est. Id deserunt esse a voluptatibus doloribus.','1','2020-09-10 23:51:21'),
('58','72','90','Et voluptatem aperiam similique iure nihil ipsam aliquam. Officiis non laborum in adipisci. Aut quas voluptas autem molestiae.','0','2020-09-05 09:00:41'),
('59','60','6','Quasi velit id necessitatibus voluptate repellat consequatur. Quisquam alias dolorem impedit voluptas mollitia sed. Aut dolorum dignissimos assumenda sit rerum molestiae. Nisi incidunt error voluptatem velit minus non nobis doloremque. Reprehenderit magnam consequuntur tempora dolorem cumque.','1','2020-09-05 17:12:43'),
('60','100','82','Autem deserunt accusantium explicabo a rerum. Qui magnam saepe provident molestiae illum. Sed consequatur praesentium laborum voluptas optio quia praesentium. Officiis aut quibusdam molestiae distinctio et qui.','0','2020-09-04 06:09:54'),
('61','86','25','Et voluptas eligendi rerum et. In in minima excepturi odio porro hic. Aliquam rerum reiciendis libero dolor voluptatem aperiam amet.','1','2020-09-10 20:41:25'),
('62','32','13','Nemo debitis laboriosam dolor iure qui nihil possimus. Rerum expedita molestias totam. Assumenda debitis iure voluptates expedita laudantium est. Omnis eius consequuntur at accusamus.','1','2020-09-03 20:10:51'),
('63','2','73','Consectetur consequatur accusantium doloremque. Eveniet aut natus eum quaerat aspernatur qui. Eveniet perferendis est et voluptatibus.','0','2020-09-19 01:33:10'),
('64','75','24','Officiis earum explicabo officiis culpa libero. Quo quos quae molestias voluptatem. Doloribus sequi neque id quasi voluptas similique. In vero quia doloremque voluptas consequatur.','0','2020-09-07 09:53:53'),
('65','68','53','Quo magnam autem deleniti nulla nostrum cumque. Quas unde quia a dolorem voluptates officiis. Voluptatem deserunt aliquid accusamus qui animi facilis.','1','2020-08-26 03:36:24'),
('66','24','83','Ratione eius et pariatur corporis sed. Ratione voluptatem eius voluptates vitae distinctio ad. Ea voluptatibus debitis aut. Illum et ea ratione saepe doloremque exercitationem. Autem debitis nam laboriosam enim numquam ducimus.','1','2020-09-10 18:01:30'),
('67','79','98','Itaque deleniti perferendis harum consequatur aspernatur dolorem fuga. Expedita hic ut numquam quia. Illo id ut sint perferendis ad a. Error omnis incidunt magnam iusto error a in.','1','2020-09-04 06:15:47'),
('68','67','64','Architecto dignissimos molestias omnis enim vel aut laboriosam. Ratione explicabo ea commodi. Vel inventore velit quidem maxime. Tenetur unde sint aut id.','0','2020-09-20 06:47:48'),
('69','11','10','Odit rerum quisquam corporis qui voluptas voluptatum ut. Fuga molestiae in sit rerum qui vitae beatae velit. Inventore quae possimus in consequatur autem natus.','0','2020-08-28 17:43:14'),
('70','55','83','Sint soluta asperiores voluptas quidem nulla ullam voluptatem atque. Omnis quo similique sequi ut accusantium ex accusantium quo.','0','2020-09-06 15:50:28'),
('71','54','51','Libero rem ut in ipsam excepturi fugiat. Tempora quibusdam impedit repellendus.','0','2020-09-01 15:38:14'),
('72','71','5','Minima molestiae eos facere et odio. Molestiae officiis perferendis quam ullam. Cumque id ut harum ullam porro cupiditate error. Ad voluptas et omnis.','0','2020-09-24 05:23:20'),
('73','89','42','Rerum quasi perferendis culpa aut quia doloribus rem. Nihil est sit magnam et sed quo. Rerum modi assumenda dignissimos error voluptatem. Fugit quia animi aliquam aut commodi. Libero quo nisi ut libero rerum.','0','2020-09-02 18:41:13'),
('74','95','48','Quam dolores perspiciatis et nostrum quas temporibus. Quas error nisi excepturi expedita enim voluptas. Sapiente consequatur unde inventore sit.','0','2020-09-15 22:54:05'),
('75','48','95','Ut aperiam esse sunt voluptatem. Quo fuga debitis quisquam. At iusto id sapiente est commodi. Officiis explicabo labore sint aut impedit corporis sit qui.','0','2020-09-20 10:53:20'),
('76','30','33','Adipisci eos unde aliquam cupiditate natus in sed et. Expedita id ut aperiam minus aspernatur assumenda ratione. Tempore nemo atque iusto fugit autem facere eum. Enim occaecati nihil illum maiores totam pariatur delectus.','1','2020-09-20 05:35:25'),
('77','19','61','Sunt doloremque consequatur harum voluptatem modi pariatur rerum. Vero corporis officiis quo sunt. Perferendis illo tenetur et. Commodi reprehenderit sed sapiente.','1','2020-09-06 20:48:35'),
('78','46','21','Sed cupiditate totam perferendis ut ducimus ipsum. Ad tempore qui mollitia magnam. Eum aut qui id et id. Eum et in quas ea rerum. Voluptatum est perspiciatis voluptatem hic eos eveniet.','1','2020-09-20 00:19:23'),
('79','33','20','Autem eius quae vero autem. Rem commodi impedit ut minus sit quam possimus expedita. Voluptatem fugiat enim et. Itaque tempora earum est aspernatur.','0','2020-09-22 08:25:15'),
('80','44','1','Et repudiandae nulla tempore laboriosam et dolor temporibus dolorem. Eaque et ipsam nihil eos.','1','2020-09-05 15:02:58'),
('81','72','68','Doloremque illo aperiam ut illum sed rerum suscipit harum. Sed nostrum assumenda distinctio veniam doloremque qui. Voluptate aut soluta quod. Et doloremque harum eum laborum assumenda perspiciatis qui.','0','2020-09-24 16:36:25'),
('82','84','51','Est magnam eum soluta facere. Dignissimos ea facere et. Eveniet officiis ut nihil et dolores eos quo. Illum maiores mollitia dolor est sit enim consectetur.','1','2020-09-04 02:08:59'),
('83','65','50','Aperiam esse totam nobis labore magnam iure placeat nostrum. Labore quidem voluptate delectus occaecati eos in ducimus. At veritatis sed nesciunt.','1','2020-08-27 20:13:19'),
('84','14','76','Totam ipsum unde quisquam commodi voluptate. Et voluptas sed voluptatibus occaecati eligendi eos ut.','1','2020-09-01 18:22:06'),
('85','60','69','Odit perspiciatis alias aliquam laboriosam aut eos. Eveniet qui sunt aut eveniet. Dolores ut est doloribus nemo dolorum.','1','2020-09-23 00:46:16'),
('86','59','14','Quo alias quidem ipsam minima suscipit labore. Suscipit a velit molestiae. Sit excepturi pariatur rerum iure ut occaecati. Iste tempore fuga laborum expedita illo.','0','2020-08-30 17:27:23'),
('87','19','29','Illum quisquam culpa consequuntur quo rerum quae qui. Qui id magni rerum occaecati. Laudantium est dolorem odio ut eveniet.','1','2020-09-11 13:42:19'),
('88','18','7','Error eum et sunt aut fugiat. Velit sint dolores nisi quos asperiores. Voluptatem voluptatem qui voluptates ipsam accusantium. Earum earum nihil corporis non hic aperiam.','0','2020-08-30 12:05:55'),
('89','71','13','Corrupti ea rem eum omnis vel ad nihil. Possimus et facere et molestiae dolor. Vero a ex delectus eveniet vitae vitae. Debitis asperiores doloribus facere odio.','1','2020-09-03 20:21:07'),
('90','55','18','Magni aut laudantium at sit hic dolor possimus. Error magnam libero nemo et delectus itaque. Facere quo expedita voluptatem inventore.','1','2020-09-17 02:09:44'),
('91','7','85','Eligendi temporibus magnam eveniet recusandae. Consectetur nihil incidunt maiores deserunt. Dolorem molestiae perferendis praesentium eveniet. Quasi omnis repudiandae libero ut.','0','2020-09-17 23:05:12'),
('92','51','26','Sit itaque modi sit commodi. Corporis corrupti enim doloribus numquam et expedita exercitationem. Veniam impedit neque itaque consequuntur dolor.','1','2020-08-25 21:24:36'),
('93','45','96','Soluta rerum rerum cupiditate ut atque iure reprehenderit commodi. Maxime similique eum voluptates ut.','1','2020-09-07 17:19:31'),
('94','46','78','Impedit adipisci similique nostrum corporis ab quaerat provident. Qui maiores amet quia nam quaerat ratione. Fugit assumenda iusto dolore eaque ut dolores magnam. Qui possimus iure quod.','0','2020-09-23 20:24:25'),
('95','16','90','Ut quisquam incidunt ducimus et dolorem autem. Tempora repellendus quidem similique in.','1','2020-09-21 12:25:56'),
('96','78','88','Veritatis omnis fugiat nisi est aperiam. Omnis dolor perferendis autem fugit eligendi officia.','1','2020-08-27 16:53:47'),
('97','58','62','Ullam non incidunt dicta quaerat ea occaecati corrupti a. Earum voluptatem praesentium deserunt. Minus tenetur nihil impedit et. Neque amet voluptas et sunt.','1','2020-09-18 22:40:11'),
('98','38','23','Enim ipsa laboriosam modi dolor. Aut quis deserunt tempore quas quis consequatur eos autem. Voluptates aspernatur incidunt at et. Suscipit assumenda quis ex quam.','1','2020-09-11 05:19:37'),
('99','11','51','Qui natus at quibusdam sunt et magnam. Consequuntur debitis repellat quos. Officiis voluptas nisi reprehenderit eos qui vel.','1','2020-09-12 01:40:08'),
('100','98','71','Doloribus perspiciatis eius quos et laudantium deserunt veritatis. Nisi rem perferendis eos ipsa ratione consequatur. Possimus nesciunt laborum tenetur sint ut non. Quis vel quos doloribus id.','0','2020-09-12 19:00:39'); 


DROP TABLE IF EXISTS `photos`;
CREATE TABLE `photos` (
  `id` bigint(20) unsigned NOT NULL AUTO_INCREMENT,
  `user_id` bigint(20) unsigned NOT NULL,
  `description` text COLLATE utf8_unicode_ci DEFAULT NULL,
  `filename` varchar(255) COLLATE utf8_unicode_ci DEFAULT NULL,
  PRIMARY KEY (`id`),
  KEY `user_id` (`user_id`),
  CONSTRAINT `photos_ibfk_1` FOREIGN KEY (`user_id`) REFERENCES `users` (`id`)
) ENGINE=InnoDB AUTO_INCREMENT=131 DEFAULT CHARSET=utf8 COLLATE=utf8_unicode_ci;

INSERT INTO `photos` VALUES ('1','72','Non voluptatum in aut ratione enim et. Nihil amet sint nesciunt et qui debitis ab.','m3u'),
('2','53','Accusantium odit quibusdam totam ea.','json'),
('3','90','In enim magni pariatur harum molestiae earum. Consectetur iure rem atque consequatur est perspiciatis.','icm'),
('4','1','Est earum ex saepe quaerat sit ex. Consectetur nobis nulla deserunt odit earum excepturi dolor.','hal'),
('5','58','Asperiores dolores consequatur dolorem cum sint sequi. Qui veritatis minus delectus praesentium a.','htke'),
('6','55','Odio illo sed aliquam.','xpi'),
('7','49','Vero autem voluptatem a fuga amet voluptates soluta qui. Quis animi tenetur id tenetur dolor sint.','tmo'),
('8','15','Quo corporis suscipit iure. Fuga nobis nulla in quisquam qui similique.','png'),
('9','25','Qui dolores commodi dolorem nihil. Dolores vero laudantium dolor voluptas reprehenderit molestias voluptatibus et.','rmvb'),
('10','97','Occaecati esse non cum voluptatibus ipsum ab.','pki'),
('11','45','Est voluptatem aliquam dolor et neque consequuntur. Molestiae eos ad quibusdam.','ulx'),
('12','52','Sequi ratione ut laboriosam excepturi iure.','iges'),
('13','7','Enim veritatis aut earum enim enim.','kfo'),
('14','2','Omnis sequi unde dolore ut velit.','mp4s'),
('15','32','Molestias ea illo maiores eum ratione officiis. Non excepturi occaecati nihil tempore accusamus.','flx'),
('16','73','Nam quam quas voluptas sed minima similique quibusdam. Ut earum minima soluta velit.','cod'),
('17','6','Enim error iusto et natus.','uvf'),
('18','79','Dignissimos perspiciatis voluptas aliquam blanditiis nobis placeat dolor debitis. Nemo eum minus sed.','mp2a'),
('19','81','Occaecati corporis id architecto accusantium qui ipsum sint.','ogx'),
('20','17','Ducimus voluptatem libero aut voluptatum et.','ptid'),
('21','1','Similique sit at maiores quo adipisci.','otg'),
('22','50','Necessitatibus odit expedita expedita id voluptatem voluptatum voluptatum. Vel delectus expedita reiciendis aperiam corporis.','csh'),
('23','99','Deserunt ex rerum nemo libero. Omnis aliquid voluptatem earum nihil error aut.','tga'),
('24','42','Voluptate nulla fugiat error recusandae necessitatibus.','vcd'),
('25','15','Et nemo voluptas quia fuga et et unde.','jsonml'),
('26','75','Voluptatum aspernatur voluptatem sed corrupti tenetur culpa officiis ipsam. Esse voluptatem quae omnis corporis quaerat voluptatibus nihil.','mlp'),
('27','77','Doloribus voluptates dolor est aperiam molestiae mollitia rem et. Et et illo sapiente dolorem aut enim.','asm'),
('28','37','Et nihil molestias qui quo. Eius asperiores et amet.','ppsx'),
('29','53','Neque eligendi eaque ea harum dolor nihil.','vcard'),
('30','1','Iure quas tempora reiciendis itaque.','rgb'),
('31','34','Voluptatem voluptas minus deleniti.','kia'),
('32','24','Ea perspiciatis aut aut.','gph'),
('33','54','Voluptatum quod voluptatem aliquid ut officiis vel autem. Aspernatur explicabo ut eligendi est occaecati perspiciatis consequatur nihil.','odc'),
('34','23','Provident doloremque nobis dolorem sunt non. Repellat occaecati et sit pariatur.','xht'),
('35','24','Sed id excepturi provident quo sequi veniam ducimus.','texinfo'),
('36','11','Nam ab sunt molestiae et qui dolores eius. Unde dolorem et numquam.','esf'),
('37','77','Rerum quia rem saepe et ut quod. Aliquam molestiae enim sit odio qui.','sxd'),
('38','73','Deserunt est ut deleniti mollitia ut minus autem. Repudiandae placeat eos nulla sit.','mk3d'),
('39','25','Et nihil occaecati nihil voluptas doloremque perspiciatis ipsam. Tempore nemo delectus laboriosam enim.','gif'),
('40','1','Sit repellat aut qui.','h263'),
('41','69','Eligendi aut facilis numquam officia. Aliquam quia dicta consectetur pariatur dolorum veniam omnis.','xwd'),
('42','70','Et vel et voluptas quam ducimus sed natus.','tar'),
('43','52','Perspiciatis mollitia quas aut.','dvb'),
('44','75','Aspernatur omnis temporibus vero totam molestias quis.','semd'),
('45','71','Officia illo nulla possimus accusamus ipsam nihil dolor sapiente. In corporis omnis explicabo necessitatibus et dicta.','srt'),
('46','84','Consequatur eius quia rerum nostrum.','wbmp'),
('47','48','Ut aliquam quis qui.','hlp'),
('48','77','Illo nam eum ratione nostrum quo libero autem unde.','pkipath'),
('49','62','Libero doloremque omnis aut quisquam aut sapiente quia. Amet quae nisi ipsum et quia.','vxml'),
('50','28','Iusto veritatis aut dolores commodi ab libero architecto.','sitx'),
('51','93','Dolorum praesentium eaque a hic ut dolore odio. Sit saepe velit non officiis deserunt.','ris'),
('52','63','Laudantium omnis unde dolor quia nulla nesciunt sit corrupti. Laborum soluta eos et occaecati ex in maiores.','pgm'),
('53','78','Dicta qui est voluptatem architecto possimus. Sapiente eum et nisi.','ptid'),
('54','91','Facere eum quidem quos aut blanditiis at.','btif'),
('55','5','Et distinctio itaque neque explicabo. Molestiae sed soluta ex qui.','mods'),
('56','92','Dignissimos perferendis totam ex molestiae commodi veritatis asperiores.','bed'),
('57','66','Libero non minus nostrum enim assumenda quaerat quia. Consequatur fuga sint qui voluptates.','lasxml'),
('58','82','Facere fugiat quidem sit dolorem ut.','3dml'),
('59','29','Neque quaerat fugiat adipisci repudiandae ut qui. Accusantium animi commodi iure ut delectus hic et.','tra'),
('60','18','Quas sit ad fuga ut. Quaerat cum quisquam ab harum ut similique assumenda.','mng'),
('61','82','Aspernatur nisi dolor quo. Maiores iste sint ut perspiciatis rem.','tif'),
('62','62','Excepturi quos consequatur nemo quia blanditiis. Nam quidem ab temporibus aperiam autem ratione asperiores.','xfdf'),
('63','41','Exercitationem debitis et reiciendis molestias.','3g2'),
('64','35','Voluptates unde ut et nostrum.','tar'),
('65','84','Voluptates iusto quasi commodi fugiat. Beatae fuga beatae assumenda dolor ut voluptas iure.','ppsm'),
('66','65','Occaecati voluptate atque corrupti cupiditate et est.','otg'),
('67','46','Et minima autem et iste numquam voluptatum. Nesciunt distinctio facere voluptates nam quibusdam reprehenderit libero.','pyv'),
('68','60','Praesentium et ab perferendis molestiae. Sint debitis laborum porro eum quod atque libero possimus.','qt'),
('69','37','Accusantium qui perferendis deleniti rem ratione ut. Omnis dolores non sed quia et.','karbon'),
('70','71','Numquam nesciunt laboriosam dolor tempora.','xbm'),
('71','61','Labore asperiores doloribus id cupiditate. Voluptas dolorum et exercitationem.','dot'),
('72','5','Ut ut neque veniam esse veniam natus commodi. Voluptatem ratione aspernatur voluptas et dolores in iste.','scm'),
('73','40','At praesentium aut repellendus ea repudiandae aut sed. Cum maiores rerum voluptas consequuntur temporibus cumque.','mj2'),
('74','13','Aspernatur cupiditate id ut voluptatem dignissimos. Sed odit voluptas et sequi quasi inventore.','pcx'),
('75','80','Dicta voluptatem ullam doloribus consequatur distinctio qui.','m14'),
('76','11','Est animi amet qui ipsam id iste. Tenetur nemo quidem ut similique aut rerum.','uvvg'),
('77','96','Laborum ipsum provident fugiat temporibus magni omnis ipsam ut.','exe'),
('78','27','Aut voluptas eveniet ducimus. Totam alias nisi rerum reiciendis.','cat'),
('79','87','Ut dolore enim nobis corporis fugiat qui consectetur.','java'),
('80','58','Eos est omnis esse fuga itaque voluptatem eum.','npx'),
('81','55','Libero hic optio libero. Non quam quia nesciunt sit.','dotx'),
('82','80','Error voluptatem qui dolorem aut.','vcard'),
('83','20','Velit consectetur itaque explicabo illo.','igl'),
('84','33','Labore modi aut repellendus at corporis sed. Doloremque rerum quia ut reprehenderit ipsam.','mka'),
('85','70','Saepe ut magni quia vero dolor odit.','hdf'),
('86','25','Dolorem repellendus alias id vel inventore quasi. Cumque dolores totam dolores est.','mpt'),
('87','24','Voluptatem beatae in dolores asperiores esse saepe aperiam.','fli'),
('88','36','Repudiandae ut nam architecto repellendus amet.','bmp'),
('89','6','At magni quo eum itaque.','pre'),
('90','53','Quis debitis ad et sit.','gtar'),
('91','53','Suscipit doloremque quibusdam odit esse ratione illum voluptatem. Molestiae voluptatum et unde inventore natus dignissimos.','lnk'),
('92','88','Omnis maxime est blanditiis explicabo placeat eum iure. Iure et dolorem quos autem velit.','mmf'),
('93','14','Sunt suscipit pariatur eum libero tenetur. Quis reiciendis aperiam veniam iste dolores.','itp'),
('94','94','Accusamus similique quia et id aut et cupiditate. Voluptatum perspiciatis et voluptatum quidem non.','sv4cpio'),
('95','23','Id repellat eligendi officia impedit nam culpa.','flv'),
('96','97','Eligendi perferendis ullam vel qui vel.','iif'),
('97','58','Nisi accusamus quia laudantium nisi velit iste sapiente. Accusamus ratione ut et aut a nisi totam.','chat'),
('98','68','Quisquam velit quos temporibus ducimus. Excepturi magnam quisquam enim dolores officia quae labore.','cat'),
('99','57','Suscipit ea vero autem.','xlsb'),
('100','95','Voluptatem dicta rerum ipsam et. Eos et expedita illum ut illum.','igl'),
('101','38','Quisquam voluptatibus et debitis quos rerum qui. Et quod consequatur assumenda.','xps'),
('102','18','Enim dignissimos aliquid modi distinctio in. Voluptates nobis sint nihil.','sxm'),
('103','99','Enim sint eveniet sapiente illo cupiditate minus aut cumque.','appcache'),
('104','78','Officiis explicabo ut expedita laboriosam magnam earum quis.','mdb'),
('105','30','Temporibus vero officiis inventore corrupti.','rtx'),
('106','78','Vero saepe omnis voluptatem illo. Eligendi placeat et facilis mollitia maxime iusto consectetur nesciunt.','xspf'),
('107','89','Sint dicta aliquam dolor unde nobis. Voluptate atque dolorum rerum repellendus.','opml'),
('108','25','Sapiente id officia animi accusamus vel. Totam eos error sed quisquam non.','bmp'),
('109','5','Omnis optio consequatur ratione iste adipisci. Ut recusandae ut autem sint et.','odi'),
('110','75','Recusandae in aut eius aliquid.','asm'),
('111','82','Maxime aut tempora et voluptate voluptatem esse. Ratione repellat beatae totam animi.','utz'),
('112','60','Neque asperiores sint commodi. Soluta accusamus eos aut est assumenda repudiandae optio perspiciatis.','rm'),
('113','54','Nemo quod quisquam consequuntur laborum rem officiis rerum.','wsdl'),
('114','2','Veniam doloremque est tempore.','semd'),
('115','92','Ut perspiciatis ullam est itaque.','png'),
('116','24','Sed velit qui rem numquam iste voluptatem.','list'),
('117','26','Aperiam assumenda consectetur earum consequatur suscipit.','sisx'),
('118','16','Non quisquam rerum dolores doloremque rerum mollitia consequuntur. Consequatur praesentium deserunt quaerat illo est omnis.','psd'),
('119','59','Aut aut vel iusto dicta. Enim cupiditate non harum doloribus.','ppt'),
('120','31','Vel omnis cumque veritatis voluptas ipsum accusantium accusamus.','mpg'),
('121','68','Neque quia qui cum expedita praesentium quos. Doloribus autem et aut modi eaque iste.','oga'),
('122','12','Et est vitae iusto sint voluptatem qui quia.','uvt'),
('123','18','Odit ipsum provident dolores et eius quaerat. Rem unde eveniet et vero.','fpx'),
('124','81','Ullam nisi atque aut esse fugit et velit. Culpa cumque et atque illo delectus et.','odm'),
('125','5','Dicta maiores ullam doloribus ad est voluptas aut assumenda. Modi soluta dolore dolorum quis debitis aliquam.','skt'),
('126','40','Error est et et vel nihil. Sequi dolorum dolore ducimus eius sapiente.','sxc'),
('127','78','Itaque dolores natus commodi quos aut dolorem doloremque illo.','pyv'),
('128','63','Aut cumque est exercitationem cum sit numquam consectetur.','z1'),
('129','8','Ipsam dolorem dignissimos accusamus officiis inventore.','odg'),
('130','35','Culpa ex omnis blanditiis consequuntur.','wbmp'); 


DROP TABLE IF EXISTS `posts`;
CREATE TABLE `posts` (
  `id` bigint(20) unsigned NOT NULL AUTO_INCREMENT,
  `user_id` bigint(20) unsigned NOT NULL,
  `body` text COLLATE utf8_unicode_ci DEFAULT NULL,
  `metadata` longtext CHARACTER SET utf8mb4 COLLATE utf8mb4_bin DEFAULT NULL CHECK (json_valid(`metadata`)),
  `created_at` datetime DEFAULT current_timestamp(),
  `updated_at` datetime DEFAULT current_timestamp() ON UPDATE current_timestamp(),
  PRIMARY KEY (`id`),
  KEY `user_id` (`user_id`),
  CONSTRAINT `posts_ibfk_1` FOREIGN KEY (`user_id`) REFERENCES `users` (`id`)
) ENGINE=InnoDB AUTO_INCREMENT=121 DEFAULT CHARSET=utf8 COLLATE=utf8_unicode_ci;

INSERT INTO `posts` VALUES ('1','83','Ea architecto dignissimos numquam cum facilis dicta doloribus qui. Ea veritatis dolorem consectetur quae eos atque doloremque. Laudantium dolores minima maxime magnam facere et deleniti. Mollitia id accusantium quia.',NULL,'2004-02-28 14:39:26','1974-11-25 10:08:23'),
('2','7','Nihil odio dolore autem impedit. Repellendus possimus numquam adipisci at atque vel. Libero non quod aut sapiente quidem neque et. Suscipit et aspernatur natus perspiciatis sed asperiores qui. Nihil recusandae voluptates earum facilis. Vero ad mollitia architecto ipsum nihil.',NULL,'1984-01-12 15:08:57','2019-01-21 07:54:33'),
('3','23','Pariatur impedit consequatur molestiae autem perspiciatis distinctio reiciendis. Libero voluptatem quia cumque exercitationem cum quia iure. Amet alias in ut ducimus voluptatem consequatur. Reprehenderit quam blanditiis voluptas consequatur. Suscipit natus neque in autem. Eos dolor similique et.',NULL,'2009-03-05 19:48:58','1973-10-02 12:48:00'),
('4','22','Ratione modi quasi eos voluptatum id nostrum facilis. Eum magnam error officia eos eum rerum iure. Consequatur optio sit impedit ipsa quis voluptatibus impedit. Soluta beatae quis magnam laboriosam.',NULL,'1986-02-12 07:49:19','1979-09-08 08:06:43'),
('5','41','Totam et vero dolores natus ut. Voluptas enim maxime velit eius. Doloribus aut cumque qui fuga. Vero atque voluptas voluptatem deserunt quisquam explicabo. Et rem commodi officiis omnis aliquid consequatur. Maiores sint debitis magnam odio placeat repudiandae inventore.',NULL,'2013-05-29 21:04:34','2009-04-01 08:23:12'),
('6','16','Rerum repudiandae nemo maiores explicabo ab sed. Saepe eveniet aut suscipit. Voluptas omnis autem aliquid cumque sit. Eligendi reiciendis aut libero id aliquid harum.',NULL,'2005-03-04 11:53:50','2012-10-13 00:09:44'),
('7','30','Doloremque aliquam qui enim quam quaerat. Voluptatem id molestiae nam odio. Voluptatem ipsam suscipit ea sed illum. Ut ut dolor unde exercitationem modi eum.',NULL,'1984-12-15 23:53:30','2005-03-26 10:18:05'),
('8','3','Voluptatem velit totam et praesentium accusamus consequatur et. Autem sunt sit praesentium tempora cupiditate. Eius magni quos voluptatem nemo sequi excepturi ipsa. Corrupti ea et ipsum. Aut optio enim est amet culpa voluptas. Eos voluptas tempore id magni expedita sed. Repudiandae sed sunt voluptatibus.',NULL,'1996-06-12 06:47:11','1990-01-08 07:42:23'),
('9','70','Eveniet repudiandae cumque in. Deserunt non voluptatum autem. Aliquam earum eius repellat ut occaecati dolorem. Sit voluptatibus non dolor repellat consequatur. Ut ipsa deleniti voluptatem minus.',NULL,'1990-12-27 18:26:19','1982-12-06 12:53:09'),
('10','84','Quo sed quibusdam numquam sit est facilis quidem maiores. Voluptatem et aut officiis eos. Culpa corrupti deleniti beatae nihil quia ad perferendis. Fugit officia aut cum quia.',NULL,'1989-06-01 10:05:35','1971-07-18 08:19:33'),
('11','64','Et distinctio nisi et laboriosam rem. Unde in eaque sapiente nemo. Sequi earum voluptates dolores omnis consectetur sint. Quis quos optio quos voluptatibus non. Alias dolore tempore vitae veniam. Quia est est cumque ullam id ad. Ratione consequatur et dolorum et eos impedit maiores deleniti.',NULL,'2003-10-11 21:23:07','2003-12-17 04:58:06'),
('12','38','Aut omnis neque est veritatis perferendis. Vitae ad inventore maxime dignissimos totam sint. Et optio minus velit eveniet totam vitae. Velit perspiciatis exercitationem qui laboriosam voluptas. Corrupti repellendus voluptas et delectus enim nesciunt.',NULL,'2011-01-31 06:27:31','1987-10-04 19:19:16'),
('13','94','Consequuntur consequatur velit sint. Neque autem blanditiis molestiae libero quis. Consequatur id aliquam veritatis ut quis. Tenetur vitae similique dolor consectetur eum velit.',NULL,'2008-01-29 08:42:56','1997-01-22 12:08:25'),
('14','99','Consequatur est cupiditate est cum. Nihil ut et ut nam voluptas earum dolore. Autem aspernatur animi sit eum. Unde in voluptas tempore maxime similique sequi illum. Aut sint quia consequuntur velit quaerat.',NULL,'2016-09-23 04:54:29','1993-05-11 03:32:28'),
('15','24','Suscipit amet laboriosam aut. Eius veritatis quia corporis neque cum quos. Recusandae ut id cum aut dolores id doloribus. Debitis nam quisquam ipsam perferendis ea placeat et.',NULL,'1972-09-07 11:40:23','1997-09-12 23:45:26'),
('16','18','Officia et nobis et ut adipisci est qui. Ab rerum qui quisquam laborum nostrum voluptatibus. Nostrum est enim qui rerum tenetur. Expedita sunt aut vel adipisci expedita corrupti. Et quisquam minus illo saepe. In perferendis suscipit harum illo quo aut minus atque. Magnam quia ex harum quisquam optio ut.',NULL,'1998-05-23 11:39:31','1989-03-05 16:54:25'),
('17','88','Blanditiis quibusdam consequatur cum fugiat quam beatae nemo qui. Praesentium impedit libero minus quaerat fugit velit. Voluptate consectetur impedit impedit natus repellat quam. Tempora corporis dolores omnis praesentium aut officiis doloremque. Minima quod qui quia sint voluptates accusantium est. Est sapiente facere cupiditate eligendi.',NULL,'2007-06-10 20:16:59','1999-09-24 16:26:58'),
('18','95','Inventore fuga dolore dolorem nihil optio. Nam laudantium amet iusto quaerat voluptatem quasi consequatur eligendi. Voluptas incidunt dolorem mollitia. Possimus assumenda laudantium iusto asperiores consequatur. Et officiis nesciunt sapiente. Iusto et occaecati esse tenetur maiores dignissimos. Numquam est fuga eos adipisci tenetur eos.',NULL,'2010-09-06 05:44:30','1987-03-23 09:12:02'),
('19','11','At earum eveniet corporis laboriosam dolorum aut quos. Sit ex et officiis architecto quisquam vel rem. Voluptatem impedit alias aut rerum sint cupiditate facilis. Sit quia earum quia asperiores.',NULL,'1973-04-04 23:32:09','2004-01-12 14:33:51'),
('20','41','Est dicta accusantium est officia consequatur quod neque nobis. Animi iusto molestiae unde. Iure quidem odit eos. Nesciunt aut rem et facilis nihil ipsa. Facere vitae harum rerum doloremque velit velit nam numquam.',NULL,'2015-08-24 15:40:20','2001-10-18 12:28:02'),
('21','25','Aut atque vel exercitationem doloribus. Necessitatibus ipsa nostrum adipisci odio aut quia velit. Id error veritatis a voluptatum eos accusamus officia. Veniam fugit ratione necessitatibus. Quia quos distinctio ducimus id qui sit iure.',NULL,'1997-05-12 14:54:39','2018-01-13 02:19:17'),
('22','25','Quos repellat necessitatibus eum omnis praesentium quia. Quae voluptatem voluptatem officia voluptas nihil. Omnis voluptate sunt aut occaecati nihil rerum. Mollitia facere quam id repellat voluptatum culpa.',NULL,'1970-01-06 16:08:01','2016-09-21 14:55:08'),
('23','75','Voluptatem ut cupiditate eum libero inventore sint quia autem. Praesentium autem asperiores quam qui necessitatibus inventore iste. Molestiae voluptas atque molestiae tempore. Occaecati blanditiis facilis deserunt est omnis incidunt labore. Dolore minima totam dolorum mollitia quibusdam. Officia numquam autem quibusdam temporibus veritatis adipisci vitae.',NULL,'1977-07-24 04:34:07','2002-07-17 16:13:42'),
('24','91','Quis consectetur voluptatem accusantium et eos laborum. Ab dolorem et occaecati. Explicabo ut et totam quas. Aspernatur aut facilis non hic molestias. Impedit temporibus temporibus perspiciatis totam qui rem.',NULL,'1998-04-03 04:23:02','2013-12-20 18:27:21'),
('25','51','Aut saepe blanditiis enim. Sit a voluptatibus assumenda voluptatum ratione non fugiat dolore. Provident eaque alias et ut sunt repellat. Dolores alias doloremque doloribus dolores ut aut eos. Dolor ratione amet rerum rem repellat laboriosam et.',NULL,'1974-03-25 14:13:24','2012-10-03 11:25:22'),
('26','55','Ut voluptatem recusandae beatae id hic optio ut. Et aliquid exercitationem eveniet. In inventore laboriosam quisquam nobis quaerat sapiente. Temporibus quis et facilis minus dolor cum in.',NULL,'2016-10-30 19:55:33','1991-12-26 23:51:01'),
('27','9','Dolor ut fugiat amet distinctio doloremque. Odio amet et explicabo. Magni tempora ipsa perferendis aliquam aut. Est eligendi est vero qui nam. Non tenetur odit ducimus.',NULL,'2003-10-07 17:50:28','2009-07-12 19:32:34'),
('28','69','Id fugit nesciunt laborum dolorum qui. Quia eveniet aut quia voluptatem qui. Vitae aut molestiae nostrum quo quos. Dolores aperiam praesentium aspernatur ducimus repudiandae sit. Esse sunt expedita voluptatibus exercitationem. A quibusdam quis ea sit.',NULL,'1990-04-09 08:40:04','1976-08-24 18:06:28'),
('29','60','Doloribus porro dicta doloribus voluptas. Nam omnis nobis voluptas quia nihil. Unde at aut qui ex explicabo aspernatur. Dolorum illum vitae esse corrupti unde. Quas tempora maiores et ut.',NULL,'2002-10-26 15:40:33','1975-06-19 09:54:35'),
('30','29','Deleniti non aspernatur numquam omnis iste. Voluptatem quaerat odit laborum ducimus distinctio et. Qui autem omnis est voluptatem et maxime ut. Et est nesciunt aut quae architecto earum. Omnis consectetur dolores rem qui ut atque. Molestiae et numquam repudiandae nisi rerum vel. Nulla aut placeat omnis rerum qui corrupti.',NULL,'2007-04-04 10:55:52','1975-02-17 01:32:46'),
('31','81','Doloremque quia at quos quia tempore ullam dolor. Qui aut tenetur et est. Cum deleniti vel quia eum. Voluptatem sint quia sit nemo commodi voluptas possimus qui. Velit fuga ut sit voluptas. Rem quis optio tenetur facilis ea tempore nihil. Aut incidunt sapiente iure aperiam labore.',NULL,'1973-01-21 04:32:51','1982-09-07 01:03:40'),
('32','42','Rerum autem ut quae pariatur aut voluptas in. Id quas fuga et excepturi odio. Quisquam dignissimos rerum nesciunt odio. Aperiam doloremque repudiandae dicta qui eius dignissimos dolore nemo. Quis quam labore laborum. Et neque rerum eveniet atque itaque nulla. Distinctio assumenda magnam nihil qui fugit.',NULL,'2017-10-14 15:52:42','1986-04-23 19:49:47'),
('33','36','Quis at velit blanditiis. Tempora non debitis natus quia voluptatem provident. Est distinctio debitis debitis iure commodi sunt qui. Ad sit natus ducimus. Et atque necessitatibus quo laborum eos ab. Quia consequatur quo eaque ad minus beatae est autem.',NULL,'1996-10-07 08:24:48','2011-04-13 08:28:28'),
('34','4','Ut vero est deserunt autem aspernatur ea. Asperiores totam asperiores provident facere sapiente voluptatum accusantium. Explicabo eum asperiores expedita non ut. Corporis nulla dolor sed blanditiis amet. Doloribus ratione cupiditate consequatur quidem. Recusandae molestiae est earum natus quos officiis fugit. Nihil voluptatem omnis eaque velit eos sunt est.',NULL,'1983-12-31 19:32:44','2000-02-22 16:26:30'),
('35','63','Facilis ut dolorum molestias quidem qui totam. Totam esse eveniet saepe eum ullam magnam quia. Consequatur aperiam mollitia modi maiores. Neque deleniti quis repellat ut blanditiis eum.',NULL,'2006-09-30 16:09:58','1984-09-22 18:00:59'),
('36','77','Non dolorem autem est consequatur. Et ut vitae quam in placeat. Mollitia incidunt velit quas blanditiis cum sunt et et. Sit ut quis dolores amet. Deleniti minima accusantium optio corporis eaque minus. Enim et provident necessitatibus ut perferendis.',NULL,'2013-05-16 23:26:48','2003-08-14 04:40:09'),
('37','19','Consequatur aperiam rerum mollitia ratione rerum deserunt error. Similique dignissimos repellendus vel veritatis. Assumenda eos id ipsum esse quas. Voluptatum totam possimus quia sequi.',NULL,'2008-05-23 02:52:42','1990-08-27 05:53:15'),
('38','93','Ea enim delectus voluptas architecto quod. Error harum assumenda nihil mollitia aliquam quia. Molestiae qui eius magni. Aut quia id ab sit labore alias dolores reiciendis. Quas nesciunt consequuntur id harum natus cum voluptatem eos.',NULL,'2019-04-08 08:43:28','1976-12-29 17:30:45'),
('39','79','Quia ducimus minus hic. Quam minus aspernatur commodi. Recusandae nihil ducimus quas eveniet. Tempora iure quo consectetur aut vitae.',NULL,'1979-11-13 03:30:17','1979-03-01 22:08:44'),
('40','89','Modi cum autem quasi. Eligendi facere sint consequatur libero sed. Accusantium cupiditate quia voluptate accusantium rerum tenetur. Quia est esse doloremque placeat.',NULL,'1993-03-26 22:13:35','1983-01-15 03:07:44'),
('41','76','Iusto ex veritatis unde enim. Odit sunt enim aperiam. Est quo asperiores earum aut. Ratione iure error et qui vel quasi perferendis. Illum quis porro voluptatem ratione.',NULL,'1993-10-23 22:40:45','1975-11-17 03:07:43'),
('42','42','Voluptas aliquam est et dolorum illum officiis maiores. Et iste sed alias modi accusantium fugit omnis eum. Dolor ex voluptas aperiam deleniti sapiente nesciunt. Laboriosam iure veniam sit.',NULL,'1982-03-12 09:49:07','1994-03-05 06:05:51'),
('43','26','Minus commodi deserunt necessitatibus ut dolore. Consequatur exercitationem incidunt minima qui aut. Vel officiis aliquam a sit. Et iste numquam dolore dolorum qui vitae. Est quisquam corrupti deserunt omnis quisquam accusamus quia consequatur. Incidunt id esse repellendus reiciendis quis possimus.',NULL,'1971-11-06 18:32:35','2019-07-30 12:16:29'),
('44','70','Sunt ipsum et architecto minus quae accusantium perspiciatis. Ratione quia cupiditate excepturi dicta maiores voluptate. Voluptate cum eligendi pariatur delectus enim eos et. Laborum nisi qui soluta non. Quo ipsa distinctio omnis ipsum aut aut qui dolorum. Minima sed vel nemo. Et molestias et qui.',NULL,'1998-04-15 18:50:35','1990-03-31 07:41:32'),
('45','40','Ad magnam consequatur voluptas est id. Sequi nihil non voluptas odit. Sint perferendis voluptas aliquam nemo autem rem vel. Voluptatem sit aut aut culpa rerum et corporis.',NULL,'2013-11-12 04:58:36','1976-08-24 09:12:17'),
('46','50','Voluptatum veniam autem optio dolore vel animi est. Voluptatibus explicabo iste et omnis aut. Dolores numquam amet unde perferendis et consequatur consectetur. Nostrum non qui magni ut totam voluptas. Modi nisi saepe expedita nulla qui molestiae quo nostrum. Quae velit iusto occaecati molestias placeat. Voluptas quae id qui dignissimos dolorem ad.',NULL,'1992-02-26 06:55:02','1991-05-25 19:43:07'),
('47','87','Odio dolor nihil et odit odio. Placeat vitae saepe non. Vero incidunt a repellat. Fugit reprehenderit rerum consectetur earum. Ut nesciunt esse praesentium.',NULL,'2012-08-24 11:34:22','2011-04-03 11:48:36'),
('48','27','Et esse beatae vero quod aut qui iusto. Perspiciatis deserunt delectus doloribus sit. Accusantium fuga alias quia velit dolores et qui. Et odit molestiae quia. Laudantium voluptas deleniti doloremque aut aut. Sed incidunt doloribus nihil autem adipisci rerum sed suscipit.',NULL,'1988-12-23 04:30:06','2016-07-31 16:48:09'),
('49','45','Occaecati consequuntur voluptatibus ea delectus maxime. Illo aut quibusdam voluptatem molestiae. Quis expedita omnis rerum vitae. Est qui quos eveniet aliquid tempore minima. Iure debitis veniam debitis sed fugit vero. Aspernatur fuga ut magnam aut qui.',NULL,'2002-08-02 11:04:16','1981-09-29 21:18:41'),
('50','97','Ut consequatur fuga laborum. Iusto voluptatibus possimus eos est enim id voluptas et. Et a sit dicta voluptatem. Laudantium harum doloremque et ipsa hic aut impedit. Tempore ab minus similique odit quia dolores.',NULL,'1991-04-14 20:58:01','1999-12-15 04:45:36'),
('51','68','Consequatur consequuntur in expedita consequatur consequatur magnam nobis quos. Et dolor et ut iure fugiat. Provident expedita excepturi quis doloremque. Nam quasi voluptatem sequi sint nostrum nesciunt in occaecati. Corrupti eaque nihil necessitatibus enim est nemo enim.',NULL,'2015-05-03 22:32:45','1972-08-31 04:33:23'),
('52','69','Voluptatem commodi adipisci quo adipisci optio rerum. Doloribus in in vitae impedit temporibus. Aut hic culpa aut fuga. Voluptatibus eius odio impedit magni quia praesentium enim porro. Est sed unde quasi temporibus pariatur ut culpa. Sunt quia non alias soluta labore maxime eveniet odio.',NULL,'2019-09-03 04:54:46','2010-04-28 08:32:09'),
('53','22','A autem quis nesciunt qui atque temporibus exercitationem. Sunt quas necessitatibus ipsam. Eos distinctio soluta alias quis cumque in totam. Tenetur sunt ea sit.',NULL,'1981-11-11 07:30:22','2016-04-20 11:30:52'),
('54','42','Necessitatibus quo eos illo eum eius. Autem ab id in sint enim architecto dolore dolor. Amet aut corrupti aliquid ex. Cumque qui explicabo tempore sit dolores aut. Deleniti ullam ut est nostrum quo.',NULL,'2006-05-22 11:51:43','1970-09-02 00:02:05'),
('55','60','Est corporis laboriosam laudantium nihil eligendi aut quae quia. Aut eius iure aut est. Sed expedita qui quia ad sapiente ducimus et est. Eius provident qui qui dolore reiciendis velit molestias tempore. Voluptate unde ut voluptas optio. Maiores sed maxime nam.',NULL,'1990-11-08 22:06:23','1978-04-25 07:22:34'),
('56','73','Libero cupiditate dolorem mollitia ab rem aspernatur. Quia sunt sed error quas. Tempora dolorum sapiente amet est. Et quia voluptate illum inventore. Similique fugiat perspiciatis sed veniam dolores aspernatur. Ipsum expedita consequatur aliquam ut consequatur eum illo.',NULL,'2005-03-07 12:27:19','1980-02-14 13:47:24'),
('57','97','Deserunt aperiam vel facere quasi velit placeat eius. Perferendis incidunt eveniet voluptatem reprehenderit veniam natus. Et vero quaerat iste eius similique. Ea provident quis illo ut et fugit. Consequuntur est laboriosam accusantium molestiae culpa.',NULL,'1980-06-02 20:49:38','1990-09-29 04:01:17'),
('58','69','Qui dolores cumque sed voluptates odit accusantium sunt. Qui ipsam dolores et voluptates animi non corporis. Sit facere aut non sequi nam iusto. Reprehenderit qui nisi est aut repudiandae ut odio. Velit non id rerum. Beatae id minus beatae eligendi est. Molestias vitae consequatur et rerum et.',NULL,'1978-06-02 13:39:09','1998-01-25 06:12:31'),
('59','41','Dolor quibusdam at debitis quisquam vero. Voluptatem quisquam est quas placeat fuga ex sequi. Consequatur expedita qui ad placeat explicabo perferendis sit. Laudantium suscipit vitae ex rerum excepturi omnis odit.',NULL,'2016-01-20 12:08:17','1985-01-21 09:48:38'),
('60','56','Possimus tenetur rerum enim. Nam aliquid atque qui esse fugiat placeat. Et laudantium accusantium vel facilis. Sint repellendus ratione ullam labore. Placeat deserunt necessitatibus sapiente velit. A harum et et ullam itaque libero. Porro error mollitia est atque.',NULL,'1985-10-17 11:48:44','2004-04-08 07:33:12'),
('61','97','A est nam laborum vero. Odit dolorem eius molestias itaque et. Necessitatibus rerum ullam facilis totam perspiciatis ut. Enim perferendis et aliquid ipsam quia.',NULL,'1978-03-23 23:13:13','2001-02-14 21:20:34'),
('62','22','Et et quia neque quam. Unde molestiae iste qui. Natus impedit nesciunt sunt et nam. Eius et aspernatur cumque eveniet fugit nobis consequatur. Enim doloremque saepe sunt. At dolor ratione sunt ut vitae illo temporibus.',NULL,'2001-05-18 07:24:17','1977-05-03 12:28:42'),
('63','97','Dolore ducimus nulla voluptate blanditiis cumque quibusdam. Eum fugiat et ea perspiciatis recusandae dolorem assumenda. Dolorem perspiciatis eligendi voluptas omnis exercitationem omnis. Et pariatur quia iste et placeat. Rerum dolor sint quia cum maiores. At officiis illo ipsa corrupti ea.',NULL,'2007-08-28 18:58:40','1992-10-29 08:01:08'),
('64','32','In error voluptatum incidunt et quasi. Accusamus totam ex facere ipsa suscipit. Libero asperiores aut ut et nihil. Est adipisci voluptate delectus aut.',NULL,'1972-05-13 22:24:06','1981-05-18 04:26:06'),
('65','25','Dolorem impedit ut qui impedit qui. Voluptatem voluptatem tempora consequatur possimus inventore molestias. Expedita expedita necessitatibus velit. Deleniti ex quod ipsum quae corporis dolore. Alias animi ratione ab ut deserunt aut cumque repudiandae. Natus rem facere aut rerum fuga.',NULL,'1987-12-31 22:42:39','1998-05-27 20:14:15'),
('66','60','Eum voluptatem nisi quis assumenda vitae quis. Placeat temporibus cum doloremque voluptates. Illum quis porro facilis accusamus sint voluptatem. Tempora voluptates maxime enim excepturi quos vitae nobis. Aliquid quam laboriosam eos sapiente. Eaque consequatur eum ut sint consequatur laborum ipsam.',NULL,'1975-05-10 10:15:59','1989-08-28 17:03:17'),
('67','8','Quia delectus nihil harum natus itaque sequi ducimus. Esse earum adipisci quo ut sit totam qui. Et id sint ipsum. Ipsa in vel occaecati et.',NULL,'2012-06-02 09:53:12','1976-08-03 15:50:59'),
('68','44','Corrupti ullam deserunt eligendi perspiciatis. Error quia non magni alias. Aut corrupti voluptas id delectus quaerat sit. Omnis eum et fuga et ut quia. Sit similique est placeat dignissimos. Illum soluta laudantium soluta veniam rerum sunt vero.',NULL,'1997-07-23 05:12:48','2019-01-13 03:24:23'),
('69','52','Numquam fugit sit incidunt atque quam aut ratione. Quidem dolorem voluptatem placeat non itaque vitae soluta. Ut sint aut totam veritatis. Unde illum architecto doloremque ipsa et eos. Occaecati odit consequatur odit fugiat sunt. Cupiditate soluta accusamus illum illum. Sunt quos enim atque.',NULL,'1999-04-01 07:57:45','1998-05-08 17:37:49'),
('70','87','Eius placeat error repellendus autem in voluptatem soluta assumenda. Ut aut omnis necessitatibus qui consequuntur est officiis. In voluptatem sunt assumenda totam ducimus dolores ipsam. Corporis dolorum sit sunt recusandae. Architecto sit iure aut maxime aperiam. Iure sed enim atque odio accusamus similique numquam ut.',NULL,'1996-09-20 08:07:04','2008-10-01 07:06:10'),
('71','32','Esse quo veritatis expedita. Ut doloribus libero in sed vitae et. Hic quasi enim eius qui vero. Consequatur placeat nobis quaerat sapiente.',NULL,'1992-07-06 14:12:25','1993-03-05 03:33:55'),
('72','28','Assumenda doloremque necessitatibus dolor quisquam. Quia dolor recusandae deleniti enim veniam qui. Et aut quis vel ducimus vero quo iure officiis. Error dolorum aut nostrum accusantium. Velit iste omnis qui consectetur aperiam.',NULL,'1996-02-21 17:35:03','1981-07-13 08:33:48'),
('73','28','Quasi exercitationem molestiae eveniet labore. Velit quia eum enim consequatur. Beatae enim in dolores et tenetur corrupti. Veniam mollitia iure incidunt voluptas voluptate facilis non. Sunt ut aut eos commodi quia omnis. Quis officia ad nulla quam. Amet rerum velit rerum qui maiores maiores.',NULL,'2000-06-28 06:08:52','1984-12-15 09:59:48'),
('74','58','Quibusdam necessitatibus aperiam pariatur quisquam blanditiis. Harum nihil quaerat ratione aliquid eos sunt. Nisi voluptatum molestias veniam consequatur et harum animi. Error rerum doloremque soluta quia. Et dignissimos placeat nihil explicabo cumque maxime.',NULL,'1992-02-23 13:26:52','1986-06-17 20:55:40'),
('75','97','Dolores a et qui repudiandae et et aut veritatis. Aut cupiditate tempore quis rem autem. Sunt harum officia distinctio aut nisi reiciendis. Est sit quis qui modi voluptatum.',NULL,'2009-05-28 22:09:15','2002-04-04 12:12:34'),
('76','68','Unde odio delectus voluptas amet. Voluptatem in necessitatibus tenetur iure. Perspiciatis pariatur illo eius qui laborum. Dolores eos alias accusamus consequatur voluptatum asperiores qui. Officia nemo aspernatur optio corrupti et eaque sapiente. Velit ut vel quia quia id vel libero.',NULL,'2003-01-09 08:57:06','1990-11-25 19:31:46'),
('77','7','Veritatis et consequatur veritatis sequi. Nostrum fuga vel deserunt ut ab quia. Corporis quis tempora voluptatum quidem sint. Omnis dicta iusto consequatur. Ducimus qui cupiditate porro laborum quo voluptatum.',NULL,'1980-05-06 01:00:07','1990-07-16 16:29:27'),
('78','84','Quas est non in voluptas aut eaque esse. Cumque placeat sed ut autem. At eos voluptatem facilis iure esse optio cupiditate. Error voluptas sint totam praesentium eveniet nulla delectus voluptatem.',NULL,'2018-03-26 14:40:02','1998-10-16 02:45:51'),
('79','95','Aut cupiditate et facere voluptatem unde neque consectetur sint. Eos voluptatibus voluptas eum libero. Quis consequatur saepe nihil at adipisci quia nam. Earum non aut molestias in quam rem. Id qui tenetur a quia. Omnis molestias pariatur enim fugiat hic aperiam. Inventore autem autem qui quo eos.',NULL,'1984-01-13 03:33:51','2013-04-21 18:17:37'),
('80','52','Animi est recusandae reprehenderit non est hic. Sunt qui debitis nesciunt quas. Ipsa voluptates ipsa debitis ullam nesciunt non libero. Quis saepe dolorum expedita et sed vitae. Eius qui dicta corrupti nostrum molestiae. Aut reiciendis quod sit esse.',NULL,'2015-06-15 16:23:20','1980-12-13 06:34:09'),
('81','81','Provident vitae dolorum at est. Suscipit magnam et ut aut libero. Delectus placeat voluptate deserunt aut. Voluptate tempora et molestiae itaque.',NULL,'1995-08-14 12:27:48','1976-03-05 08:07:27'),
('82','62','Assumenda molestiae deserunt nisi consequuntur quia id. Debitis et commodi voluptas fuga esse repellat ut in. Similique veniam sunt impedit qui aliquid. Et corrupti inventore expedita quibusdam qui voluptas voluptatem similique. Laboriosam qui quis repellat est. Aspernatur aut nostrum voluptatibus.',NULL,'1988-04-02 13:13:10','2013-09-28 18:39:39'),
('83','20','Laborum quisquam consequatur reprehenderit optio. Possimus maxime qui enim dicta quis itaque. Enim quasi blanditiis fugiat nihil aut adipisci. Aut suscipit enim quis veritatis sapiente nihil perferendis.',NULL,'1974-04-26 08:15:00','2000-04-15 01:35:52'),
('84','2','Est sint recusandae nam. Sit exercitationem id reiciendis. Earum omnis dolores rerum aliquam aspernatur. Est aut tempora labore alias est labore amet qui. Rerum dicta tempora voluptatem cupiditate eius error. Blanditiis deserunt tenetur aut ipsum perspiciatis consequuntur aut eum. Rerum et est voluptatum.',NULL,'2003-07-05 20:06:45','2009-03-02 22:44:48'),
('85','4','Animi cupiditate natus voluptatem voluptas architecto. Ut quo autem unde cum. Voluptates minus assumenda autem culpa. Saepe molestiae ab dolor ea qui consequuntur voluptas nemo. Et dolorum consectetur quam aut culpa perferendis dolor.',NULL,'1994-04-16 21:55:14','2006-01-09 21:02:26'),
('86','80','Voluptas rem temporibus eligendi at distinctio. Aut ut voluptatem tenetur voluptatem ex odit possimus. Eum nesciunt rerum officiis ad consequatur consectetur. Quia et iure repudiandae vel provident rerum cumque. Saepe dolores iusto totam.',NULL,'2020-07-04 16:04:34','2015-11-28 21:49:41'),
('87','74','Maxime harum id ut. Similique ullam hic illum quidem. Aut consequatur qui amet velit eaque. Nobis pariatur quae aspernatur reiciendis in et praesentium.',NULL,'1980-12-03 12:24:51','1991-12-14 22:13:02'),
('88','100','Doloremque repellat ex praesentium facilis. Harum nesciunt ipsam numquam id eum dolore dolore repellat. Veniam iusto tempora sed. Sit consequatur voluptas dolor. Voluptatem eos maxime et dolor possimus inventore ullam. Minima possimus et nihil maxime accusamus. Eius facilis omnis culpa optio officiis iure commodi quae.',NULL,'1981-10-04 02:59:46','2010-10-01 19:32:33'),
('89','48','Non saepe nisi reprehenderit nobis cumque officiis cupiditate. Sit veritatis autem voluptatum earum quo. Accusantium quis velit qui placeat autem qui. Ipsa sint voluptatem suscipit inventore est. Ratione consequatur aperiam eum natus voluptates tempore dolore. Maxime praesentium enim tenetur maiores totam ut. Eos commodi ducimus ut facere delectus atque.',NULL,'2014-06-14 08:26:00','2003-10-19 01:07:51'),
('90','15','Provident officia error excepturi ex ut. Corrupti voluptas velit veritatis fugit et. Laboriosam odio impedit sit reiciendis deserunt iure et suscipit. Hic porro quia ut vitae cupiditate dignissimos. Ipsa sunt est exercitationem repellat nemo quia. Et maiores architecto accusantium cumque consequatur. Ad dicta sunt molestias laboriosam.',NULL,'2005-07-22 20:55:35','1995-06-20 07:58:09'),
('91','56','Totam ullam sit aut et nulla porro. Sequi rerum nostrum ut inventore ipsam dicta. Odit et est explicabo tenetur recusandae. Culpa ut suscipit autem nobis assumenda. Quis ut ut qui natus aut odit veritatis laboriosam.',NULL,'2012-12-05 17:04:37','1997-04-30 23:43:49'),
('92','44','Adipisci quo ut est rerum eius numquam occaecati. Sint facere reiciendis laboriosam at laboriosam et ea. Voluptatem similique quia et magnam temporibus quia officiis. Dolor et quia dolores sit qui. Deserunt sit laudantium blanditiis est. Officia earum fugit labore ea quidem et eius. Quia iure ipsa temporibus.',NULL,'1986-10-04 11:23:36','2012-05-24 07:26:13'),
('93','37','Aut non sequi inventore. Exercitationem occaecati temporibus quae nihil quidem temporibus. Adipisci voluptatem omnis deleniti quia doloribus aut. Quo et iusto distinctio esse. Consequatur odit odit est est pariatur debitis aut. Fuga quos quia sapiente ab omnis. Architecto ut iusto quis facere eius corrupti.',NULL,'2008-06-02 18:35:02','1980-03-05 14:54:38'),
('94','53','Qui voluptatem velit hic veritatis ea quisquam eum. Consequatur et accusantium dolor quo. Repudiandae molestiae possimus quos aut. Voluptatum dolorem unde repellendus quo aliquam. Hic nostrum facere voluptate qui iusto cumque maxime corporis.',NULL,'2011-05-21 12:49:10','1988-05-03 02:32:00'),
('95','76','Ut aliquid accusamus deserunt et a. Quam nemo explicabo voluptatibus dolor. Amet necessitatibus vero magnam qui minus. Autem est omnis facere dolorem atque fugiat sed. Nostrum et et cum dolorum. Enim ducimus iusto illum excepturi odio.',NULL,'1971-12-20 17:52:24','2017-05-17 12:31:31'),
('96','61','Id voluptatem et adipisci debitis alias enim animi. Nobis voluptatibus dolor soluta dolores maxime iste. Libero nulla reprehenderit vero consequatur beatae. Reiciendis ut culpa qui enim.',NULL,'2005-05-03 20:20:20','1970-01-09 16:42:24'),
('97','13','Hic nulla numquam quod qui. Saepe culpa perferendis voluptates. Vero et exercitationem exercitationem consequatur placeat voluptatem. Occaecati consequatur consequuntur deleniti inventore aut. Delectus neque a aspernatur et. Dolor id asperiores dignissimos est animi qui. Animi ut voluptatem repudiandae perspiciatis eaque consequatur.',NULL,'2004-01-08 02:58:23','2013-03-13 01:06:51'),
('98','84','Amet illum quod odio et. Deleniti illo sunt id. Nulla aperiam non exercitationem aliquam. Facere eum mollitia quidem adipisci iure. Non vel natus atque eum aut quia.',NULL,'1998-03-19 23:53:10','2015-01-11 05:25:25'),
('99','4','Excepturi recusandae libero blanditiis et. Non ut officiis itaque magnam. Iusto sed ipsum qui possimus. Quibusdam nam sapiente ab repellat quia omnis. Ut eos harum ut molestiae autem nihil provident. Et quaerat optio illo dignissimos.',NULL,'1994-02-19 13:05:29','1999-03-24 20:02:35'),
('100','65','Dolorem maxime qui alias rerum eligendi dignissimos. Quasi doloribus eius recusandae quas labore perferendis. Vel quo reprehenderit autem assumenda exercitationem. Aut vitae eum beatae perspiciatis est. Sit sapiente sint aut ea. Nesciunt voluptate assumenda aut voluptate saepe nisi nemo voluptatem.',NULL,'1996-09-12 20:47:11','1977-01-14 11:00:31'),
('101','70','Ducimus deserunt et temporibus pariatur ut. Tempore et eos ipsa culpa. Quia dicta autem eligendi sunt. Molestias maiores autem in. Sed consequatur eum sint similique.',NULL,'1985-09-25 02:01:02','2006-12-25 08:03:54'),
('102','36','Quos laborum quia voluptatem qui. Commodi at ad corporis est. Sit officia consequatur temporibus velit illo non eos. Animi voluptatem tenetur minima.',NULL,'1990-02-27 08:25:10','2001-01-25 18:50:37'),
('103','92','Excepturi recusandae architecto sunt autem esse. Temporibus eos minima voluptate nobis libero autem fugiat. Quas ea itaque ad nesciunt dolor. Sed est vel assumenda earum et. Repudiandae qui quia quasi dolor nam.',NULL,'1979-11-28 13:21:07','1973-08-27 01:35:32'),
('104','98','Sint saepe et numquam eos omnis voluptatibus et. Et sunt at doloribus dolores veniam ipsum et. Totam similique aliquid vero sed consequatur qui. Voluptatem ratione minus mollitia quia sed laudantium. Dolore commodi voluptas pariatur eius. Aspernatur sed vel in ut soluta beatae ex.',NULL,'2011-11-21 08:21:20','1976-09-10 17:44:34'),
('105','93','Quo qui vel velit sint. Sit minima explicabo praesentium nihil libero dolorum. Tempore qui velit a. Sed autem repudiandae soluta quae fuga ipsa quo dolorem.',NULL,'1988-04-27 01:34:23','1975-08-02 15:54:51'),
('106','89','In ut sint rerum pariatur voluptatem quaerat. Voluptatem est aut repellat dolorem esse consequuntur. Ut omnis in omnis exercitationem eum minus velit nulla. Dolorem iusto facilis et perferendis facilis ab omnis in.',NULL,'2010-06-17 11:02:50','1992-08-09 16:11:44'),
('107','65','Aut cumque eos eveniet voluptate. Nulla est quod molestiae occaecati id quod. Quis id velit quis voluptas nobis ea dolore. Sed et sint autem dolores. Libero cupiditate ea quam pariatur quis. Sit omnis eos in laborum rem.',NULL,'1986-05-05 05:57:56','2003-06-20 18:52:37'),
('108','100','Omnis rerum ut aut. Omnis cum reiciendis cum amet ab natus et. Et autem aliquam placeat sunt minima quos soluta. Sed voluptas recusandae dolorem. Est ullam laborum ut nesciunt et in.',NULL,'1985-02-19 10:24:05','2009-04-07 08:23:12'),
('109','72','Mollitia voluptatum est voluptate suscipit voluptas. Ducimus amet reiciendis odit impedit non. Aut aut aspernatur eos id voluptates est. Vitae sit quas consequatur earum earum hic est assumenda. Consequatur qui beatae vitae quia qui blanditiis corporis aut.',NULL,'2005-12-08 22:28:51','1995-02-14 03:44:49'),
('110','59','Officia cum aut reprehenderit. A recusandae recusandae quo adipisci veniam. Nesciunt consequuntur omnis temporibus pariatur unde vel sit est. At mollitia reiciendis fugiat aut optio non sed eius.',NULL,'1987-06-13 16:56:46','2008-10-23 18:37:38'),
('111','51','Debitis distinctio occaecati deleniti dolorum rerum enim. Nulla temporibus repellat necessitatibus esse eius modi dignissimos. Possimus perspiciatis odio doloremque est consequuntur doloribus ea recusandae. Excepturi exercitationem officiis et voluptas autem et. Possimus aliquid quia sed totam quasi et culpa.',NULL,'1987-12-13 05:21:41','1970-04-08 20:53:51'),
('112','52','Libero eos sit voluptatem eos. Voluptatem dolorum eveniet provident consequuntur. Ipsam ut sit natus minima aut qui. Dolores est et officia praesentium maiores odio. Qui veniam maiores ratione esse eius ipsam labore. Aliquam consequatur atque tempora impedit eos velit est rem.',NULL,'1994-08-15 16:55:32','2009-02-18 22:05:32'),
('113','21','Soluta distinctio sit magnam sunt. Distinctio voluptate mollitia reprehenderit rerum earum. Explicabo molestias saepe facilis natus excepturi rerum. Error voluptatem odit nemo delectus et voluptatem. Nihil aut ipsum illo eum quae doloremque. Eum explicabo blanditiis animi dolor recusandae perferendis eligendi.',NULL,'2019-08-13 10:21:11','1985-01-07 02:42:39'),
('114','71','Voluptatibus commodi in repellendus consequatur dolor ex sed enim. Doloremque maiores ad neque ipsa. Alias numquam nostrum ipsum. Officiis omnis quis repudiandae id dignissimos et. Id ipsa aut est dicta et et dolores.',NULL,'1996-12-22 16:48:58','1989-05-06 06:54:47'),
('115','54','Deleniti illo quia nam. Ut debitis quia est nemo. Sed est dolore id tempora vero dignissimos. Eveniet non saepe et autem. Rerum sit similique neque quia.',NULL,'1984-09-09 14:38:58','2017-03-17 02:05:25'),
('116','24','Consequatur doloribus non id non quibusdam fuga est temporibus. Possimus numquam aut harum facere. Ducimus et similique quis porro sint atque consequatur. Nam nesciunt voluptas recusandae odit quia.',NULL,'2015-12-23 05:42:43','2010-07-18 21:06:17'),
('117','50','Dolores ducimus ea molestiae qui totam repudiandae. Illum voluptatem nostrum facilis aut consequuntur. Molestiae quia esse et. Vitae qui consequatur eum reiciendis consequatur laboriosam aperiam. Beatae sit maxime magnam incidunt delectus. Consequatur vero animi reiciendis qui. Eos ipsum neque explicabo sit voluptatibus aliquid.',NULL,'1997-09-15 23:14:17','1996-04-13 09:31:16'),
('118','28','Iste libero beatae nesciunt. Quod qui explicabo rerum dolorem. Debitis officia est quibusdam et saepe quos. Occaecati et consectetur quas est expedita. Et expedita qui nemo nihil. Et delectus ab omnis qui. Qui praesentium eligendi recusandae dolores est sint.',NULL,'1983-11-28 13:28:53','2014-10-03 20:59:50'),
('119','24','Quidem velit maiores ad modi libero optio odit. Atque ea non et. Quia consequatur ab consequatur ab ex aliquam numquam. Illum repellendus sed porro et. Voluptatem necessitatibus itaque ea est molestiae qui et nisi.',NULL,'1971-10-12 11:07:27','2004-04-12 20:11:45'),
('120','97','Et ut dolorem dolore. Voluptatibus non asperiores atque quod est corrupti. Expedita optio dolorem dolorem quaerat quos rerum aut aliquid. Beatae quas exercitationem mollitia quos ea. Iste corrupti molestiae quia dolores.',NULL,'2001-11-18 19:31:17','2006-07-22 08:44:20'); 


DROP TABLE IF EXISTS `users`;
CREATE TABLE `users` (
  `id` bigint(20) unsigned NOT NULL AUTO_INCREMENT,
  `name` varchar(50) COLLATE utf8_unicode_ci DEFAULT NULL,
  `surname` varchar(50) COLLATE utf8_unicode_ci DEFAULT NULL,
  `email` varchar(120) COLLATE utf8_unicode_ci DEFAULT NULL,
  `phone` bigint(20) DEFAULT NULL,
  `gender` char(1) COLLATE utf8_unicode_ci DEFAULT NULL,
  `birthday` date DEFAULT NULL,
  `hometown` varchar(50) COLLATE utf8_unicode_ci DEFAULT NULL,
  `photo_id` bigint(20) unsigned DEFAULT NULL,
  `pass` char(50) COLLATE utf8_unicode_ci DEFAULT NULL,
  `created_at` datetime DEFAULT current_timestamp(),
  PRIMARY KEY (`id`),
  UNIQUE KEY `email` (`email`),
  KEY `phone` (`phone`),
  KEY `email_2` (`email`),
  KEY `name` (`name`,`surname`)
) ENGINE=InnoDB AUTO_INCREMENT=101 DEFAULT CHARSET=utf8 COLLATE=utf8_unicode_ci;

INSERT INTO `users` VALUES ('1','Jo','Strosin','bennett.turcotte@example.com','3188111353','m','2009-09-08','New Esperanza','589','17d72d752a6683149570acc5ce727cf3','2016-09-26 04:33:29'),
('2','Lafayette','Littel','bertrand.murray@example.com','1','f','2003-10-16','Lake Bethany','62','bb520a5a203ec0f06d9dd6d1e2890c5f','2015-10-02 16:19:23'),
('3','Megane','Schinner','romaine26@example.com','0','m','1995-08-15','Tillmanton','153','6589359f67d68f0c2e4cda622c68f1e3','2012-06-25 10:03:43'),
('4','Kaelyn','Bednar','crona.raul@example.net','1','m','1978-07-07','Lake Matildeview','125','3062fc7f35dd82238e56abe42b0f4645','2011-04-12 06:20:16'),
('5','Gordon','Upton','brown.roman@example.net','0','m','1973-06-17','East Destanyhaven','897','d7f300cbf88c54af44c72918b425a30d','2016-11-26 03:42:54'),
('6','Barney','Moore','wilhelm93@example.org','965044','f','2005-03-22','Chloeville','339','83c095893e996637091c2029047fa5b8','2019-03-03 10:57:05'),
('7','Lura','Boyle','jstehr@example.net','845907','m','2002-03-06','Jaylenmouth','426','f82587964e436944284d796e104d9914','2013-09-07 23:59:31'),
('8','Lafayette','Douglas','craig10@example.net','562025','f','1972-09-11','Bogisichchester','260','9d51bab94b276b5a49274bd3267797f9','2014-02-01 20:58:13'),
('9','Estefania','Streich','abbott.morgan@example.org','1','f','1982-08-06','Lake Bo','104','868bc5611727166d63c81c43f49329e3','2019-09-16 16:46:11'),
('10','Merritt','Koss','kshlerin.shana@example.com','0','f','2005-10-11','South Edison','433','eb4c97be8f8374a5406c5c30fb56818d','2019-10-14 05:52:36'),
('11','Michele','Bradtke','xpurdy@example.net','525643','m','1978-08-25','Kingchester','685','4955a136026f706f8ab4dfb8ab4d53ee','2016-10-01 16:24:29'),
('12','Amir','Rutherford','gia.bechtelar@example.com','1','m','1979-10-10','North Ethan','34','5b06d78cea5ed2659237b24aecaa8cca','2019-06-29 04:49:55'),
('13','Jake','Swift','cindy99@example.net','232131','f','1977-12-10','Lake Braxtonborough','902','36a5b0672f6915d32936a91b8796945c','2017-11-12 12:05:21'),
('14','Treva','Hudson','cullen57@example.net','0','m','1992-01-12','Lesleyside','16','c2b1b120f06bd1ffcafc019196b3cb4d','2015-01-29 11:08:01'),
('15','Rebeca','Romaguera','winona.o\'connell@example.net','81','m','2016-11-29','West Maud','589','f825251665b92c334451d0952390d39e','2014-08-07 13:58:03'),
('16','Fredy','Lubowitz','elvie87@example.com','295','m','2011-03-08','South Elenorabury','843','167c8eda024ad4f05f7925d6fd0db039','2014-06-04 22:20:39'),
('17','Emil','Harber','schuster.toni@example.com','160200','m','2003-07-21','Hansenton','43','3f25c999c5df27e4452f7bdd5e8e6548','2018-09-01 08:42:13'),
('18','Merle','Schimmel','jerrell.mcclure@example.org','4242329547','f','1986-04-24','Klingmouth','69','ee79121fd46c43479a0dc711b0e930c4','2020-02-01 11:32:14'),
('19','Nestor','Feeney','swillms@example.net','519582','f','2018-10-06','North Bricetown','208','4695610c316cc8e8975bdff2f8c93f62','2014-09-18 05:48:49'),
('20','Gaylord','Willms','lakin.lisa@example.org','900','f','2003-12-29','East Maiyaberg','328','617a94ecec3ec57a36d198864dbaad39','2016-09-28 21:26:19'),
('21','Lillian','Parker','tatyana.goyette@example.net','0','m','1972-10-14','Homenickfurt','517','ff79cf1c4cd97a669058af0087e330cf','2016-02-22 08:08:42'),
('22','Clare','Hartmann','thompson.pansy@example.org','64006','f','2014-08-30','East Carrollberg','820','098631b82e2b58a4d7107b9f956fb55e','2017-08-29 12:18:42'),
('23','Pearline','Muller','rupert05@example.org','52','f','2015-05-31','Port Declan','714','03ee460619d915aac76fef089c48616f','2012-01-24 14:37:32'),
('24','Eudora','Collier','bryce77@example.com','3321344756','m','2012-04-07','Sheilaside','611','38b916352aa5a05cad57c3bea0477d8b','2011-12-23 07:03:17'),
('25','Nikki','Keebler','bwilderman@example.com','23','f','1984-02-11','Watersbury','869','a3a96127cbf39f3f62f9a33dbfa047b5','2014-09-02 20:17:11'),
('26','Julia','Dooley','spinka.maryjane@example.com','1','f','2010-03-30','New Maureenton','428','de6e86df0b01808ef0444b486d9a5177','2020-05-04 09:24:33'),
('27','Jefferey','Labadie','amuller@example.com','630248','f','1991-04-11','Andreanneland','880','08ce5cc634d7d392f29a4461c152a222','2019-05-19 13:26:26'),
('28','Deangelo','Mitchell','rgutmann@example.org','388164','m','1976-08-31','East Max','959','85da937958bd159a9313761074e5e4ab','2013-12-25 22:20:00'),
('29','Jerrold','Koch','ocollier@example.org','417588','m','1979-07-19','Pagacberg','45','0d614e3f0c53c9055afa09483d868f00','2017-09-13 06:55:39'),
('30','Maybell','Rodriguez','chadd21@example.net','205','f','2002-05-25','New Hollisberg','804','441ebdb682eead6e03b05fa087d3e2d5','2013-10-21 09:48:44'),
('31','Katlyn','Green','adolph.ledner@example.com','223396','f','1970-06-13','Laishaview','731','ecec99ed13e5d2965efcad4d2d1b5fd1','2012-12-04 01:19:24'),
('32','Titus','Russel','jchamplin@example.net','987','f','1983-12-13','Kuhicstad','550','2a6d58bc3846ed4a7a382bd8a189bf50','2015-11-30 18:33:46'),
('33','Lesly','Bauch','pmarks@example.net','94','f','1975-06-02','Port Francescohaven','476','d863b76b5e8634a20dcfcdf49cba1e3f','2016-03-02 17:06:05'),
('34','Melyssa','Casper','elva01@example.org','0','f','1996-08-24','Wintheiserchester','528','e4fd35fc2ecdc2e77c9b88a5d1d104ba','2014-11-03 06:59:38'),
('35','Sophia','Mertz','ikerluke@example.net','898357','m','1991-05-21','West Joyhaven','114','be1fae29c69b62bef6d3b9356f7a7bca','2016-12-17 03:19:10'),
('36','Beulah','King','earlene.auer@example.net','114014','f','1998-05-25','North Otis','84','639da46a0c1c6faafcd66ed847cafa5c','2011-12-03 03:35:44'),
('37','Harvey','Gerlach','bailee80@example.com','234036','m','2004-06-08','North Delmerland','864','78e239c69583457fada4ba6e213b1696','2012-08-18 00:48:04'),
('38','Trevor','Lehner','wisoky.sienna@example.net','1','m','1992-11-11','Nellieborough','434','699074675fa6740bf4f708fcc6d55914','2015-12-28 05:00:29'),
('39','Lea','Crooks','tmosciski@example.net','0','m','2003-12-30','Gaylordmouth','650','c0afb43540205851c8fe18bf52a48c82','2011-04-28 04:41:06'),
('40','Deonte','Lindgren','strosin.elissa@example.com','220205','f','1985-01-14','East Jack','744','fd6839ade5fbd7461771231a29644343','2011-12-05 12:31:15'),
('41','Faye','Rice','cindy79@example.org','980189','f','2017-02-25','North Katelyntown','728','cfcc9a61e09dbf290f96bca4c47855ca','2014-02-28 17:58:05'),
('42','Kamren','Howell','effertz.simone@example.net','0','m','2014-11-22','New Alta','504','120a25a21af9b0283747ed7ea5f25af2','2013-04-06 06:00:57'),
('43','Fern','Upton','benton33@example.net','0','f','2007-03-05','Tayaborough','867','0e626303b9c39d5eb4591e3835161c23','2019-09-02 08:12:50'),
('44','Waylon','Hagenes','tabitha.osinski@example.com','1','f','1995-07-26','Littleborough','995','d5d490238405d96b5637205da2899908','2017-12-23 19:21:25'),
('45','Winfield','Jacobs','mosciski.macey@example.net','84','f','1991-01-30','Claudiaside','855','bf202d00fc9198bbe3d39e1d6f848800','2015-06-12 13:55:22'),
('46','Romaine','Shanahan','wayne.spencer@example.net','150','f','1974-02-23','New Brionnastad','969','0a38045ecbb5135ff7cefed1808b1371','2014-01-06 05:56:43'),
('47','Arlo','Klein','brooklyn.wuckert@example.org','0','f','2018-11-29','West Maci','801','4d4d19f6d3c61af29476ef5434e37a19','2018-04-19 15:11:56'),
('48','Dewitt','Rodriguez','eglover@example.org','12','m','2008-10-17','North Alejandrinmouth','611','b428a6f0ce46508c9b2238f9e67e9db3','2018-01-05 20:22:55'),
('49','Santa','Bernier','xmacejkovic@example.org','960','m','1998-06-27','Willymouth','610','33e3e1368091cc9f4ac089efdb30b803','2016-03-03 11:21:48'),
('50','Maximus','Schaden','agutkowski@example.org','1','m','1981-03-16','Katherineton','549','700eb5aea762b370ab01347ce1c5be94','2017-11-24 18:09:58'),
('51','Alayna','Waelchi','xwindler@example.com','2625854557','f','1999-07-25','East Harley','232','a74bba1950211864d08f71928682b9fb','2012-04-08 12:04:01'),
('52','Katrine','Lehner','abigale28@example.org','5945822157','m','1992-03-21','South Bruce','787','d1a71bd13b123918d3f00d51309700a2','2013-04-04 16:55:16'),
('53','Jaleel','Koelpin','stacy15@example.net','0','f','1986-10-13','East Sydnie','558','06ef62823fe70391fdd251efe48af8fc','2015-09-28 12:57:28'),
('54','Mitchell','Donnelly','rgutmann@example.com','1','m','1994-07-14','South Carson','191','2973fef6b72c33cccb042747693f4fec','2014-08-20 02:29:35'),
('55','Linnie','Tromp','eschroeder@example.com','114','f','1983-06-21','North Myrtischester','144','1f4b86b17a67a0f031cd63a06abc1dc6','2015-04-26 00:08:18'),
('56','Amira','Aufderhar','drew.dicki@example.org','1','f','1971-07-27','East Stephaniemouth','146','251467a92d01d4b998fbcea8ce89caa5','2014-02-13 10:47:48'),
('57','Tod','Block','cassandra94@example.org','0','m','2018-07-05','Emardtown','125','19ed4ede467117914e9e563f317c3a56','2012-04-29 04:17:47'),
('58','Destiny','Maggio','feest.domenick@example.org','0','m','1972-11-05','Port Brainfurt','222','9177e079a6cbd181f5ce7ab1215fd06a','2015-10-23 05:11:51'),
('59','Silas','Parker','ibrakus@example.org','1','f','1990-08-13','Fritschfort','685','3f6968bb462479e333d50aace4b241a5','2013-11-15 14:45:04'),
('60','Cale','Champlin','dariana.koepp@example.org','600491','m','2006-08-06','Boscoburgh','450','51b680b484921cefcfe0a1004e67bbeb','2018-08-19 14:14:46'),
('61','Edythe','Heaney','oren28@example.net','1','f','2012-10-22','Hayesmouth','851','d4990cbfe5b88b88664e77d52de9448c','2017-12-29 07:12:05'),
('62','Dillon','Windler','chickle@example.net','38','f','1989-03-03','Dachside','661','31a685e70e4bee0be1ef73122b5c9031','2011-06-28 15:30:37'),
('63','Gisselle','Konopelski','arnaldo14@example.net','393','m','2005-12-31','Tomasmouth','995','687831d41fc5f21a3c65b768ab78be11','2013-08-15 01:57:57'),
('64','Finn','Rath','earline.bayer@example.org','1','m','1982-06-03','Danielbury','736','171024a16818dbfe34455b627484ada2','2012-08-29 04:40:53'),
('65','Forest','Heller','arjun84@example.org','0','f','2014-05-02','Strosinport','176','01793abe70d97955ba69d70df341f735','2013-01-28 12:12:00'),
('66','Maxwell','Bartoletti','jhuel@example.net','66','m','1986-09-22','South Lelah','280','20c366de6fdd6ec31ba8c08f5062aa23','2011-05-10 06:10:44'),
('67','Jackson','Durgan','lucio.monahan@example.com','0','m','2019-08-18','East Elmotown','389','2bafa9d2309196011d90027ed62b1739','2012-04-27 00:43:28'),
('68','Danial','Howe','vframi@example.com','1','m','2017-12-06','Robertsport','142','95d2d155ce4195dd460a073cfcb4f4b5','2011-03-30 09:12:39'),
('69','Irwin','Connelly','maribel.mertz@example.net','1','f','1983-02-15','Ellsworthborough','707','9b7870d5fd0e664d671c94aefec74566','2016-09-03 09:12:37'),
('70','Unique','Heller','kcassin@example.com','1','m','1994-12-28','North Romainechester','102','30b4bc9f5060523aa68f9a79b08700eb','2019-06-29 13:51:54'),
('71','Elinor','West','tcole@example.net','526','f','2002-10-04','Boyleland','518','92dc76d4471a1eb291edcc9875e2258f','2020-07-21 01:54:58'),
('72','Kelton','Crona','gmurazik@example.net','0','f','2019-12-22','Terrytown','814','391689c5f5ae817bef002144d5365253','2017-12-29 10:03:02'),
('73','Darren','Hodkiewicz','hattie12@example.org','463418','f','2015-07-22','Lake Daisy','816','e142a36aa2df519c6102eaf9feb9b619','2019-05-27 06:48:05'),
('74','Wilhelmine','Abshire','karina21@example.net','1','f','1978-11-30','Lake Madelyn','246','fc5e2e6106969a3b7397802a3145602c','2018-06-23 20:17:14'),
('75','Jacynthe','Friesen','zcollier@example.com','829','m','1978-07-08','Port Aubreehaven','597','61e512cc3b227018cb4d191a0de43d13','2018-05-27 04:34:55'),
('76','Davon','Kessler','hessel.tomas@example.com','1','m','1983-06-25','Kozeymouth','177','66833ba0031565f7de0c7ffa9db7f8c1','2014-05-25 21:51:09'),
('77','Gia','Wuckert','durgan.marquis@example.com','1','f','1979-05-05','South Glenna','772','d94e12a1bf5f2474bbcd5f0946b1e9b0','2012-03-06 11:35:38'),
('78','Deontae','Greenfelder','nathanael77@example.net','0','f','1986-09-23','Port Herminaland','37','3890f93d05623076175c74521056b421','2018-01-23 09:39:15'),
('79','Ruthe','Wehner','shirley.frami@example.net','1','f','2019-10-09','Kilbackstad','120','727ba1eea64a95a0e531b99e9495f135','2018-11-02 11:23:09'),
('80','Santino','Brown','mayert.jerrold@example.org','0','m','1998-01-07','Lake Augustland','113','f90f2ab39061ce23a60f71965ffca0e4','2013-12-20 13:26:05'),
('81','Rickie','Corwin','schinner.jesus@example.org','1','m','1986-04-08','Elisaland','327','96d7f8a66652b7baf214aa9286bc16dd','2014-08-14 00:04:37'),
('82','Hassie','Bergnaum','onikolaus@example.com','748234','f','1977-09-01','East Xanderberg','719','dce7665da0a244a1b21fd0366de5695d','2012-03-17 02:50:18'),
('83','Marley','Murphy','esmeralda.harris@example.net','1','m','1993-09-20','North Lizethborough','402','36144d965199fe62580af6bb0ba3033f','2013-12-28 23:19:28'),
('84','Isabelle','Considine','timmothy.hermann@example.com','0','f','2001-01-30','Monroeland','330','a32734efcad975f7a91434acf41136cc','2020-04-22 05:40:33'),
('85','Maiya','Langosh','cooper10@example.org','481','f','1985-06-19','Port Brad','572','9cb1944478a79577fabba35349f5d3d2','2018-03-25 12:51:07'),
('86','Carey','Russel','tyler.mohr@example.net','0','m','2002-02-28','Reichelstad','731','50613bd570d2a6458ba7eb3e67a3913d','2017-07-03 09:05:55'),
('87','Jadon','Haag','phoebe85@example.org','3807537676','f','1978-08-25','Roslynview','539','0e5ced45af5c0e57c5cf95ad253c9315','2016-05-19 13:18:54'),
('88','Laurence','Steuber','fern.crooks@example.com','994989','m','1979-01-18','Kennytown','593','7a0194b3e70267aacc49e8e09183eb8e','2017-09-28 03:00:12'),
('89','Buck','Feest','mike.waelchi@example.org','1','m','2000-10-17','Starkview','934','9e57aff9d4cc8cd590d376db12c73d9f','2017-04-30 17:52:22'),
('90','Haylie','Konopelski','witting.israel@example.com','420','m','1992-08-19','West Effie','728','56ed67418908006d9f2a2c388921ed6d','2012-01-01 07:05:11'),
('91','Forrest','Mraz','huel.dameon@example.com','0','f','1977-11-14','Nehafort','93','f6610a0eb13f7ad5e1df0dc64ee6a687','2012-10-30 17:21:18'),
('92','Ole','Eichmann','ashleigh.friesen@example.org','25','m','2003-04-19','New Dianna','425','9fee7a79c2c634414b735f9f38871de2','2019-04-15 05:43:55'),
('93','Dahlia','Leffler','strosin.dawson@example.org','617','f','1997-08-04','Port Fridafurt','800','a9038fc311250818cc3da417a2e8418f','2017-06-29 12:24:59'),
('94','Ernestina','Effertz','williamson.leonor@example.com','15','m','2009-04-29','Faymouth','722','3150d96488723e84da390267362c010b','2017-04-27 18:24:45'),
('95','Brandy','Beer','maude.gleichner@example.net','0','m','1988-02-23','West Cristianville','402','38fd01eb90358267ba0a9bd896e46a24','2019-01-22 22:01:38'),
('96','Eunice','Fay','xkulas@example.com','266408','m','1996-11-02','Hanehaven','976','3af0963950be581a521e825f031bab62','2013-06-30 19:44:46'),
('97','Reba','Wilderman','adrian21@example.org','384359','f','1975-11-28','North Quinn','568','32c2df3c941bdcd77fc51bfcc7c18da2','2019-12-11 01:47:41'),
('98','Pedro','Schimmel','egottlieb@example.org','1424876145','f','1975-12-19','East Aurelie','855','56cf6b1ecff82553f5b88e5c83161503','2019-10-03 03:29:38'),
('99','Enrique','Rempel','kiley.johnston@example.org','636188','m','2012-10-07','New Shaynabury','948','2bd97d9cc48b5c1e4552e30b90d86b8f','2010-10-28 17:01:35'),
('100','Joan','Mertz','gregg.lubowitz@example.net','182104','m','2001-03-08','Jerrodstad','909','7db898874a457673a8995a12e3ae5f6a','2013-11-12 04:28:24'); 


DROP TABLE IF EXISTS `users_communities`;
CREATE TABLE `users_communities` (
  `user_id` bigint(20) unsigned NOT NULL,
  `community_id` bigint(20) unsigned NOT NULL,
  `is_admin` tinyint(1) DEFAULT 0,
  PRIMARY KEY (`user_id`,`community_id`),
  KEY `community_id` (`community_id`),
  CONSTRAINT `users_communities_ibfk_1` FOREIGN KEY (`user_id`) REFERENCES `users` (`id`),
  CONSTRAINT `users_communities_ibfk_2` FOREIGN KEY (`community_id`) REFERENCES `communities` (`id`)
) ENGINE=InnoDB DEFAULT CHARSET=utf8 COLLATE=utf8_unicode_ci;

INSERT INTO `users_communities` VALUES ('1','2','1'),
('3','18','0'),
('5','3','0'),
('5','7','0'),
('5','19','0'),
('8','1','0'),
('10','4','1'),
('10','18','0'),
('12','6','0'),
('15','9','1'),
('16','14','0'),
('17','5','0'),
('17','13','0'),
('18','15','0'),
('18','20','0'),
('19','8','0'),
('19','19','1'),
('21','6','0'),
('25','20','0'),
('26','17','0'),
('27','17','0'),
('28','19','0'),
('29','14','1'),
('30','12','0'),
('31','8','0'),
('31','17','0'),
('32','4','1'),
('32','12','0'),
('33','8','0'),
('35','9','0'),
('37','15','0'),
('39','19','1'),
('40','14','0'),
('41','12','1'),
('42','1','0'),
('43','19','1'),
('44','5','0'),
('44','16','1'),
('45','2','1'),
('45','5','1'),
('45','18','1'),
('47','8','1'),
('48','1','0'),
('48','17','1'),
('49','11','0'),
('51','3','1'),
('51','15','1'),
('52','15','0'),
('54','2','1'),
('54','6','1'),
('54','10','0'),
('54','16','0'),
('56','1','0'),
('56','20','0'),
('58','5','0'),
('59','19','0'),
('60','7','0'),
('61','16','0'),
('62','5','0'),
('62','8','1'),
('63','11','0'),
('63','19','0'),
('65','6','1'),
('65','15','0'),
('66','18','0'),
('67','7','0'),
('67','11','1'),
('68','9','0'),
('69','2','1'),
('69','15','1'),
('70','8','0'),
('71','18','1'),
('72','1','1'),
('75','9','0'),
('75','15','0'),
('75','20','0'),
('76','5','1'),
('77','13','0'),
('80','13','0'),
('81','2','0'),
('81','12','1'),
('82','2','1'),
('82','3','1'),
('82','10','0'),
('85','4','1'),
('85','14','0'),
('86','12','1'),
('86','14','0'),
('87','10','1'),
('88','13','0'),
('89','7','1'),
('89','12','1'),
('89','16','1'),
('92','3','1'),
('92','10','0'),
('92','14','0'),
('94','4','1'); 




/*!40101 SET SQL_MODE=@OLD_SQL_MODE */;
/*!40014 SET FOREIGN_KEY_CHECKS=@OLD_FOREIGN_KEY_CHECKS */;
/*!40014 SET UNIQUE_CHECKS=@OLD_UNIQUE_CHECKS */;
/*!40101 SET CHARACTER_SET_CLIENT=@OLD_CHARACTER_SET_CLIENT */;
/*!40101 SET CHARACTER_SET_RESULTS=@OLD_CHARACTER_SET_RESULTS */;
/*!40101 SET COLLATION_CONNECTION=@OLD_COLLATION_CONNECTION */;
/*!40111 SET SQL_NOTES=@OLD_SQL_NOTES */;

